sample_id,osd_accession,tissue_type,spaceflight,light_regime,observed_features,shannon,simpson,pielou_evenness,environment
1,OSD-766,leaf,1,red-rich,20,2.8053736106386298,0.929679167613679,0.9364567172454537,Spaceflight
2,OSD-766,root,0,red-rich,20,2.8473791952118432,0.9344381961437086,0.9504785258509938,Ground
3,OSD-766,fruit,1,blue-rich,20,2.6851933712048304,0.9133640912273646,0.8963395677609227,Spaceflight
4,OSD-766,wick,0,blue-rich,20,2.717959315955048,0.9183243119186625,0.9072771088220756,Ground
5,OSD-766,substrate,1,red-rich,20,2.7882468887241076,0.9314634685790811,0.9307396770193577,Spaceflight
6,OSD-766,water,0,red-rich,20,2.7505110422652597,0.924646075949415,0.9181431420112143,Ground
7,OSD-766,swab,1,blue-rich,20,2.5601946057323075,0.895808358107149,0.8546139547694018,Spaceflight
8,OSD-766,leaf,0,blue-rich,20,2.8427659613509944,0.9349987906255282,0.948938590556517,Ground
9,OSD-766,root,1,red-rich,20,2.853045340587073,0.9348321601779495,0.9523699316435774,Spaceflight
10,OSD-766,fruit,0,red-rich,20,2.640501231385718,0.9061779475334282,0.8814209649826805,Ground
11,OSD-766,wick,1,blue-rich,20,2.687935878375051,0.9171730954418869,0.8972550391448081,Spaceflight
12,OSD-766,substrate,0,blue-rich,20,2.7998409356735054,0.931868482314338,0.9346098649703134,Ground
13,OSD-766,water,1,red-rich,20,2.6128042405125824,0.9048838291247802,0.872175482294644,Spaceflight
14,OSD-766,swab,0,red-rich,20,2.72568154007223,0.9232635507988826,0.9098548505599982,Ground
15,OSD-766,leaf,1,blue-rich,20,2.8602142220340325,0.9367158016427403,0.9547629630603851,Spaceflight
16,OSD-766,root,0,blue-rich,20,2.7514932097732148,0.927549126296145,0.9184709975798262,Ground
17,OSD-766,fruit,1,red-rich,20,2.582095551007417,0.9036986913491163,0.861924669905213,Spaceflight
18,OSD-766,wick,0,red-rich,20,2.745545747900651,0.9238503146939215,0.9164856860334416,Ground
19,OSD-766,substrate,1,blue-rich,20,2.711191639025724,0.9169035017553835,0.9050180027634105,Spaceflight
20,OSD-766,water,0,blue-rich,20,2.6072459496958724,0.9090219083497173,0.8703200792381767,Ground
21,OSD-766,swab,1,red-rich,20,2.7535899808436586,0.9284375496671861,0.919170916958121,Spaceflight
22,OSD-766,leaf,0,red-rich,20,2.7396764567651704,0.924757020887889,0.9145264685201497,Ground
23,OSD-766,root,1,blue-rich,20,2.7536067800880053,0.9221775191151282,0.9191765246836495,Spaceflight
24,OSD-766,fruit,0,blue-rich,20,2.8056365762737334,0.9284076073444699,0.9365444973309524,Ground
25,OSD-766,wick,1,red-rich,20,2.7600062507753487,0.9252276342169748,0.9213127204791941,Spaceflight
26,OSD-766,substrate,0,red-rich,20,2.780703104320126,0.9321517838965294,0.928221499921031,Ground
27,OSD-766,water,1,blue-rich,20,2.64808770084883,0.9108473165674781,0.883953390703792,Spaceflight
28,OSD-766,swab,0,blue-rich,20,2.5472298381948026,0.8913177063750592,0.850286209045274,Ground
29,OSD-766,leaf,1,red-rich,20,2.772595986319819,0.9286673274240326,0.9255152774485239,Spaceflight
30,OSD-766,root,0,red-rich,20,2.76028252669001,0.9192927192788775,0.9214049436451627,Ground
31,OSD-766,fruit,1,blue-rich,20,2.8803461229797214,0.939401083756236,0.9614831566916422,Spaceflight
32,OSD-766,wick,0,blue-rich,20,2.8887649602419074,0.9391142112575859,0.9642934336100794,Ground
33,OSD-766,substrate,1,red-rich,20,2.711102301178194,0.9210377488206903,0.9049881810572725,Spaceflight
34,OSD-766,water,0,red-rich,20,2.6380379810888797,0.9119361521502464,0.8805987118332307,Ground
35,OSD-766,swab,1,blue-rich,20,2.7120838655543453,0.9191335878654556,0.9053158352955423,Spaceflight
36,OSD-766,leaf,0,blue-rich,20,2.774188193115475,0.9268197384538412,0.9260467691341167,Ground
37,OSD-766,root,1,red-rich,20,2.6843455135092316,0.913885339645903,0.8960565459091091,Spaceflight
38,OSD-766,fruit,0,red-rich,20,2.8122334282481902,0.9313576817864466,0.9387465806187992,Ground
39,OSD-766,wick,1,blue-rich,20,2.693215868733693,0.9164047865032585,0.899017543226115,Spaceflight
40,OSD-766,substrate,0,blue-rich,20,2.7754043791056753,0.9302431269136737,0.9264527419912163,Ground
41,OSD-766,water,1,red-rich,20,2.615415024791329,0.9134088312585484,0.873046983497136,Spaceflight
42,OSD-766,swab,0,red-rich,20,2.709056610572513,0.9213988700618342,0.9043053127570109,Ground
43,OSD-766,leaf,1,blue-rich,20,2.799065551627187,0.9295181812009252,0.9343510354169641,Spaceflight
44,OSD-766,root,0,blue-rich,20,2.786875218980326,0.932153301316073,0.9302818024102377,Ground
45,OSD-766,fruit,1,red-rich,20,2.707967887767217,0.9173981681891041,0.903941888156319,Spaceflight
46,OSD-766,wick,0,red-rich,20,2.867881228763145,0.9360189486953813,0.9573222727813492,Ground
47,OSD-766,substrate,1,blue-rich,20,2.7432573810115013,0.9251235107735829,0.9157218103996437,Spaceflight
48,OSD-766,water,0,blue-rich,20,2.698663762539671,0.920041825726489,0.9008360948550679,Ground
49,OSD-766,swab,1,red-rich,20,2.5729326603553053,0.8991721310945232,0.8588660218634636,Spaceflight
50,OSD-766,leaf,0,red-rich,20,2.8100020565958745,0.9277370952085624,0.9380017304624572,Ground
51,OSD-766,root,1,blue-rich,20,2.6669413519178926,0.9135976724203425,0.8902468940436935,Spaceflight
52,OSD-766,fruit,0,blue-rich,20,2.7383968693910012,0.9183485980582033,0.9140993317611459,Ground
53,OSD-766,wick,1,red-rich,20,2.8113114671992276,0.9326802786201768,0.9384388224599338,Spaceflight
54,OSD-766,substrate,0,red-rich,20,2.7526214105914413,0.9268776998939612,0.9188476002649814,Ground
55,OSD-766,water,1,blue-rich,20,2.703120218689369,0.9228675603991091,0.9023236964638762,Spaceflight
56,OSD-766,swab,0,blue-rich,20,2.700191004191814,0.9141170713590269,0.9013459006429966,Ground
57,OSD-766,leaf,1,red-rich,20,2.8200261455416413,0.9323452027686847,0.9413478535570535,Spaceflight
58,OSD-766,root,0,red-rich,20,2.7451741547028523,0.9209125995539234,0.9163616451766938,Ground
59,OSD-766,fruit,1,blue-rich,20,2.6093225075232933,0.9002003422589147,0.8710132512701878,Spaceflight
60,OSD-766,wick,0,blue-rich,20,2.844658614891341,0.9351494859216996,0.9495703738293597,Ground
61,OSD-766,substrate,1,red-rich,20,2.8165322541809545,0.9339075138305052,0.9401815639685177,Spaceflight
62,OSD-766,water,0,red-rich,20,2.732778831285275,0.9217697457977234,0.9122239845696356,Ground
63,OSD-766,swab,1,blue-rich,20,2.627906934559632,0.9117471815666421,0.8772168854201419,Spaceflight
64,OSD-766,leaf,0,blue-rich,20,2.786831982899146,0.9283137751469184,0.9302673698517739,Ground
65,OSD-766,root,1,red-rich,20,2.6612002875941,0.9108902852181149,0.8883304796916921,Spaceflight
66,OSD-766,fruit,0,red-rich,20,2.8439268105536843,0.9343384225101637,0.9493260915401456,Ground
67,OSD-766,wick,1,blue-rich,20,2.7107788114682827,0.9135780249740842,0.9048801975392636,Spaceflight
68,OSD-766,substrate,0,blue-rich,20,2.852003096440187,0.9367875139604398,0.9520220220002201,Ground
69,OSD-766,water,1,red-rich,20,2.73779281205374,0.9225659194698406,0.9138976924682779,Spaceflight
70,OSD-766,swab,0,red-rich,20,2.8350471848922423,0.9355883170820309,0.9463619996752515,Ground
71,OSD-766,leaf,1,blue-rich,20,2.7532604165979464,0.9197594784234985,0.9190609057102463,Spaceflight
72,OSD-766,root,0,blue-rich,20,2.737338613953015,0.9247877891090954,0.9137460774175156,Ground
73,OSD-766,fruit,1,red-rich,20,2.714483836524362,0.9180960844986817,0.9061169652867647,Spaceflight
74,OSD-766,wick,0,red-rich,20,2.875342167806192,0.9392951466822936,0.9598127954188063,Ground
75,OSD-766,substrate,1,blue-rich,20,2.722986498295429,0.9243036335300991,0.9089552235136855,Spaceflight
76,OSD-766,water,0,blue-rich,20,2.7353129403150866,0.9231351534467184,0.9130698909452428,Ground
77,OSD-766,swab,1,red-rich,20,2.678054690065749,0.9151050745968156,0.8939566174545482,Spaceflight
78,OSD-766,leaf,0,red-rich,20,2.868438024203634,0.9377224791684419,0.9575081356654942,Ground
79,OSD-766,root,1,blue-rich,20,2.7103696233215744,0.9205484685131531,0.9047436071802651,Spaceflight
80,OSD-766,fruit,0,blue-rich,20,2.7422407372107513,0.9240196225561432,0.9153824463617674,Ground
81,OSD-766,wick,1,red-rich,20,2.774202459048028,0.9268539988516684,0.9260515312193934,Spaceflight
82,OSD-766,substrate,0,red-rich,20,2.770250717407946,0.9298683355562395,0.9247324074529047,Ground
83,OSD-766,water,1,blue-rich,20,2.542959388182807,0.9013960424343184,0.8488606978106104,Spaceflight
84,OSD-766,swab,0,blue-rich,20,2.5856489852382945,0.9065648798344736,0.8631108353921114,Ground
85,OSD-766,leaf,1,red-rich,20,2.6420663872252885,0.9101649119464094,0.8819434268372953,Spaceflight
86,OSD-766,root,0,red-rich,20,2.8381134951876454,0.9318859453314744,0.9473855591977336,Ground
87,OSD-766,fruit,1,blue-rich,20,2.6116237488584426,0.9075681287629347,0.8717814244996398,Spaceflight
88,OSD-766,wick,0,blue-rich,20,2.774434751861445,0.9266397196142291,0.9261290724654746,Ground
89,OSD-766,substrate,1,red-rich,20,2.836765931991276,0.9339396739343172,0.9469357315518302,Spaceflight
90,OSD-766,water,0,red-rich,20,2.7090931257114015,0.9213049433914372,0.9043175018098214,Ground
91,OSD-766,swab,1,blue-rich,20,2.8520856041306732,0.9363941500930226,0.9520495637439249,Spaceflight
92,OSD-766,leaf,0,blue-rich,20,2.8201165481301653,0.9332475590224973,0.941378030682467,Ground
93,OSD-766,root,1,red-rich,20,2.8767787376945204,0.9389973571428454,0.9602923342284023,Spaceflight
94,OSD-766,fruit,0,red-rich,20,2.7193569834703917,0.9189082544313101,0.9077436617005428,Ground
95,OSD-766,wick,1,blue-rich,20,2.8585335855820784,0.9370791846235567,0.9542019528303354,Spaceflight
96,OSD-766,substrate,0,blue-rich,20,2.779281735398927,0.9285812083133987,0.9277470353189214,Ground
97,OSD-766,water,1,red-rich,20,2.6905329973125913,0.92080488351386,0.8981219787443402,Spaceflight
98,OSD-766,swab,0,red-rich,20,2.7023032208727322,0.9201298041882445,0.9020509758927326,Ground
99,OSD-766,leaf,1,blue-rich,20,2.852115029023188,0.9364712099778519,0.9520593860143508,Spaceflight
100,OSD-766,root,0,blue-rich,20,2.8330702513519754,0.9341549072978278,0.9457020830472808,Ground
101,OSD-766,fruit,1,red-rich,20,2.785816406375798,0.9286568167754533,0.9299283620798467,Spaceflight
102,OSD-766,wick,0,red-rich,20,2.8062050814548583,0.9325100722551767,0.9367342690225496,Ground
103,OSD-766,substrate,1,blue-rich,20,2.816509874394196,0.9317570519950875,0.940174093412168,Spaceflight
104,OSD-766,water,0,blue-rich,20,2.6708890947772757,0.920231175576381,0.891564682984392,Ground
105,OSD-766,swab,1,red-rich,20,2.6897415340669504,0.9212467758622618,0.8978577818223963,Spaceflight
106,OSD-766,leaf,0,red-rich,20,2.8047542701469115,0.9293100986385366,0.9362499763102955,Ground
107,OSD-766,root,1,blue-rich,20,2.766609180426608,0.930051032638604,0.923516832545399,Spaceflight
108,OSD-766,fruit,0,blue-rich,20,2.8099109108606317,0.9302112453911299,0.9379713052685748,Ground
109,OSD-766,wick,1,red-rich,20,2.7486701816116343,0.9228116189048555,0.9175286476286968,Spaceflight
110,OSD-766,substrate,0,red-rich,20,2.863948321152196,0.9366804438250356,0.9560094359682374,Ground
111,OSD-766,water,1,blue-rich,20,2.6370141235659634,0.9103568733776827,0.8802569397957376,Spaceflight
112,OSD-766,swab,0,blue-rich,20,2.745791347403402,0.9235638596365949,0.9165676691615466,Ground
113,OSD-766,leaf,1,red-rich,20,2.8265267676192734,0.9329993427207925,0.9435178145161883,Spaceflight
114,OSD-766,root,0,red-rich,20,2.745035785791454,0.9225709697497163,0.9163154564993476,Ground
115,OSD-766,fruit,1,blue-rich,20,2.7692564786965557,0.9221525064708288,0.924400522417594,Spaceflight
116,OSD-766,wick,0,blue-rich,20,2.8348680579964474,0.935489799597662,0.94630220564847,Ground
117,OSD-766,substrate,1,red-rich,20,2.7418440304007077,0.9237420776653318,0.9152500223753031,Spaceflight
118,OSD-766,water,0,red-rich,20,2.8443974202177205,0.9338602355472382,0.9494831849053273,Ground
119,OSD-766,swab,1,blue-rich,20,2.51888483534297,0.8891193866338254,0.8408244146445996,Spaceflight
120,OSD-766,leaf,0,blue-rich,20,2.8186966277274053,0.9309358780851583,0.940904049607691,Ground
121,OSD-766,root,1,red-rich,20,2.7670885770566644,0.9298859090725516,0.9236768590718974,Spaceflight
122,OSD-766,fruit,0,red-rich,20,2.5943428138887943,0.908098797456409,0.8660129066910883,Ground
123,OSD-766,wick,1,blue-rich,20,2.767938667687215,0.9285659536678456,0.9239606262957094,Spaceflight
124,OSD-766,substrate,0,blue-rich,20,2.806213515497546,0.930307842140755,0.9367370843751638,Ground
125,OSD-766,water,1,red-rich,20,2.6331381520669654,0.9135612935491938,0.8789631087237106,Spaceflight
126,OSD-766,swab,0,red-rich,20,2.632311882490512,0.9102046697134829,0.8786872931631055,Ground
127,OSD-766,leaf,1,blue-rich,20,2.697616656566106,0.9203190509367162,0.9004865622940947,Spaceflight
128,OSD-766,root,0,blue-rich,20,2.7464132808312574,0.9247034869884934,0.9167752756400512,Ground
129,OSD-766,fruit,1,red-rich,20,2.63672651998567,0.9136194726085651,0.8801609353620863,Spaceflight
130,OSD-766,wick,0,red-rich,20,2.740911064703621,0.9177457732868065,0.914938590774648,Ground
131,OSD-766,substrate,1,blue-rich,20,2.77265661421425,0.9259725138328101,0.9255355155368759,Spaceflight
132,OSD-766,water,0,blue-rich,20,2.7312827848343364,0.9250710009800983,0.9117245919956911,Ground
133,OSD-766,swab,1,red-rich,20,2.7058446789001254,0.9231968919272637,0.9032331436246949,Spaceflight
134,OSD-766,leaf,0,red-rich,20,2.7497281958335504,0.9248927897357625,0.9178818214524247,Ground
135,OSD-766,root,1,blue-rich,20,2.76922949969558,0.9278924882141483,0.9243915166058218,Spaceflight
136,OSD-766,fruit,0,blue-rich,20,2.65533098209954,0.9109415332781476,0.8863712573852218,Ground
137,OSD-766,wick,1,red-rich,20,2.6598642945437803,0.912657404856217,0.8878845142554234,Spaceflight
138,OSD-766,substrate,0,red-rich,20,2.8128635074048014,0.930414870467719,0.9389569062083633,Ground
139,OSD-766,water,1,blue-rich,20,2.521122220707041,0.8926597801346923,0.8415712722272423,Spaceflight
140,OSD-766,swab,0,blue-rich,20,2.7558829988555074,0.924658864456829,0.9199363451748183,Ground
141,OSD-766,leaf,1,red-rich,20,2.671666621092453,0.9167143405992876,0.8918242276446546,Spaceflight
142,OSD-766,root,0,red-rich,20,2.7815874945316534,0.9299226735790036,0.9285167166262537,Ground
143,OSD-766,fruit,1,blue-rich,20,2.7388215557427675,0.9239224596585051,0.9142410955480889,Spaceflight
144,OSD-766,wick,0,blue-rich,20,2.880610202143274,0.9385262656005798,0.9615713084820688,Ground
145,OSD-412,leaf,1,,20,2.825055138395034,0.9333736523015291,0.9430265726127542,Spaceflight
146,OSD-412,root,0,,20,2.751207366965601,0.9257069252478888,0.9183755809065349,Ground
147,OSD-412,wick,1,,20,2.694181848681019,0.9165620435165859,0.8993399952542398,Spaceflight
148,OSD-412,substrate,0,,20,2.795436591113761,0.9267074945553894,0.9331396586375829,Ground
149,OSD-412,swab,1,,20,2.7998176596723803,0.930143826574869,0.9346020952502585,Spaceflight
150,OSD-412,leaf,0,,20,2.7381341170160867,0.926636714353046,0.9140116228636472,Ground
151,OSD-412,root,1,,20,2.697181907648105,0.921147690996583,0.9003414395400227,Spaceflight
152,OSD-412,wick,0,,20,2.7624252655904007,0.9267266129039912,0.922120207462062,Ground
153,OSD-412,substrate,1,,20,2.7568807632102366,0.9253699339445208,0.9202694070987885,Spaceflight
154,OSD-412,swab,0,,20,2.534822836874466,0.893527153628326,0.8461446502585077,Ground
155,OSD-412,leaf,1,,20,2.8481769806624606,0.9353847085280255,0.9507448331768052,Spaceflight
156,OSD-412,root,0,,20,2.7164744638468923,0.9200010984377269,0.9067814530115534,Ground
157,OSD-412,wick,1,,20,2.8489102402117785,0.934854465414273,0.9509896012276058,Spaceflight
158,OSD-412,substrate,0,,20,2.6472270019835014,0.909594391320508,0.8836660823642162,Ground
159,OSD-412,swab,1,,20,2.742755947712303,0.9236051297167919,0.9155544278522697,Spaceflight
160,OSD-412,leaf,0,,20,2.7869344097234388,0.9298078983646921,0.930301560765694,Ground
161,OSD-412,root,1,,20,2.845998684110503,0.9339011880903773,0.9500176999242155,Spaceflight
162,OSD-412,wick,0,,20,2.838813237087901,0.935102281526584,0.947619138782409,Ground
163,OSD-412,substrate,1,,20,2.8018871357710267,0.930782289195014,0.9352929033431296,Spaceflight
164,OSD-412,swab,0,,20,2.764828916220672,0.9254498072682168,0.922922565754053,Ground
165,OSD-412,leaf,1,,20,2.8258558304394765,0.935313131697874,0.9432938501834207,Spaceflight
166,OSD-412,root,0,,20,2.766134374449883,0.9283994095673086,0.923358338416629,Ground
167,OSD-412,wick,1,,20,2.792436609774695,0.929519447418253,0.9321382402646697,Spaceflight
168,OSD-412,substrate,0,,20,2.7212569255352275,0.9223209875286049,0.9083778779426309,Ground
169,OSD-412,swab,1,,20,2.760074290674619,0.930289610261742,0.9213354327555451,Spaceflight
170,OSD-412,leaf,0,,20,2.7743601937509768,0.9266030184285039,0.926104184356772,Ground
171,OSD-412,root,1,,20,2.654521776455759,0.9164251214452356,0.8861011379052788,Spaceflight
172,OSD-412,wick,0,,20,2.7245035506472677,0.9167208016722539,0.9094616280296134,Ground
173,OSD-412,substrate,1,,20,2.7977139241217004,0.9306925757270905,0.9338998510713472,Spaceflight
174,OSD-412,swab,0,,20,2.8246848503807516,0.9339517744047345,0.9429029674369676,Ground
175,OSD-412,leaf,1,,20,2.8493577768908667,0.9350411449512435,0.9511389926411974,Spaceflight
176,OSD-412,root,0,,20,2.7486730431865114,0.9258698025692045,0.9175296028458576,Ground
177,OSD-412,wick,1,,20,2.8153110280288107,0.9305896528583848,0.9397739086640285,Spaceflight
178,OSD-412,substrate,0,,20,2.7631292883858247,0.9284744587537972,0.922355216044651,Ground
179,OSD-412,swab,1,,20,2.5232295998699352,0.8986767374206796,0.8422747326737908,Spaceflight
180,OSD-412,leaf,0,,20,2.8488471524798142,0.9361581901004978,0.9509685420253128,Ground
181,OSD-412,root,1,,20,2.6946501188060417,0.9136970090786226,0.899496307662113,Spaceflight
182,OSD-412,wick,0,,20,2.8568246199794274,0.936274500659838,0.9536314860974642,Ground
183,OSD-412,substrate,1,,20,2.8238925936355677,0.933370713809738,0.942638505638369,Spaceflight
184,OSD-412,swab,0,,20,2.7524807311189945,0.9252369067334534,0.9188006403034091,Ground
185,OSD-412,leaf,1,,20,2.8297279014093517,0.9327548744419434,0.9445863792268394,Spaceflight
186,OSD-412,root,0,,20,2.856826396054334,0.9364168679522881,0.9536320789658331,Ground
187,OSD-412,wick,1,,20,2.8030416144273347,0.9301707943705184,0.935678277786133,Spaceflight
188,OSD-412,substrate,0,,20,2.793853384436992,0.9296688481580686,0.9326111712654818,Ground
189,OSD-412,swab,1,,20,2.6322645065509644,0.9057649229601183,0.8786714786859688,Spaceflight
190,OSD-412,leaf,0,,20,2.748618634684343,0.9206717597617778,0.9175114408416463,Ground
191,OSD-412,root,1,,20,2.7566329475648024,0.9230685689946635,0.9201866842040819,Spaceflight
192,OSD-413,leaf,1,,20,2.8537931658818914,0.9352834402778029,0.9526195618596752,Spaceflight
193,OSD-413,root,0,,20,2.7373889698030536,0.9238376358526985,0.9137628866132115,Ground
194,OSD-413,wick,1,,20,2.779760643477605,0.9273446905267964,0.9279068987629633,Spaceflight
195,OSD-413,substrate,0,,20,2.7835341883053766,0.927745427724693,0.929166538972165,Ground
196,OSD-413,swab,1,,20,2.7050025842429117,0.9181016677837828,0.9029520455223552,Spaceflight
197,OSD-413,leaf,0,,20,2.7489222294439917,0.9257161457716373,0.9176127832621052,Ground
198,OSD-413,root,1,,20,2.7965494000191526,0.9322532245393081,0.9335111233760094,Spaceflight
199,OSD-413,wick,0,,20,2.875350876195052,0.9380206718037314,0.9598157023504226,Ground
200,OSD-413,substrate,1,,20,2.838824752411857,0.9363337914020188,0.9476229826919792,Spaceflight
201,OSD-413,swab,0,,20,2.610443505395996,0.8965481425133567,0.8713874495530579,Ground
202,OSD-413,leaf,1,,20,2.85223041154445,0.9344710801528641,0.9520979016461651,Spaceflight
203,OSD-413,root,0,,20,2.779875525539976,0.9287186374666369,0.9279452473374956,Ground
204,OSD-413,wick,1,,20,2.72664138835608,0.9257912420802306,0.9101752557885707,Spaceflight
205,OSD-413,substrate,0,,20,2.8956959474801782,0.9397776339746369,0.9666070539891288,Ground
206,OSD-413,swab,1,,20,2.680501580143354,0.9177759810786736,0.8947734094286528,Spaceflight
207,OSD-413,leaf,0,,20,2.835503994111451,0.9355411972884767,0.9465144863387766,Ground
208,OSD-413,root,1,,20,2.7391487651964432,0.9220563887247815,0.9143503207470708,Spaceflight
209,OSD-413,wick,0,,20,2.8662809994685694,0.9378928730447679,0.956788103119827,Ground
210,OSD-413,substrate,1,,20,2.693544164312946,0.9164784943295894,0.8991271309827218,Spaceflight
211,OSD-413,swab,0,,20,2.799665066703633,0.9333569619813902,0.9345511584659222,Ground
212,OSD-413,leaf,1,,20,2.8293940181937076,0.933352759526247,0.9444749262713829,Spaceflight
213,OSD-413,root,0,,20,2.6696600428327923,0.9156361763390523,0.8911544153662428,Ground
214,OSD-413,wick,1,,20,2.8008264224087696,0.9310407616008494,0.934938828524221,Spaceflight
215,OSD-413,substrate,0,,20,2.7310173329409073,0.9198367116707427,0.9116359819767744,Ground
216,OSD-413,swab,1,,20,2.644418195099845,0.9179144182063486,0.8827284795922822,Spaceflight
217,OSD-413,leaf,0,,20,2.8226886263571065,0.9338939946776406,0.9422366114874499,Ground
218,OSD-413,root,1,,20,2.798171513618824,0.9320742945913867,0.9340525981980391,Spaceflight
219,OSD-413,wick,0,,20,2.874020439504828,0.939073208126339,0.9593715916727198,Ground
220,OSD-413,substrate,1,,20,2.721228320735108,0.9214626664725866,0.9083683294257717,Spaceflight
221,OSD-413,swab,0,,20,2.7471562496403794,0.9238842667345903,0.917023284721397,Ground
222,OSD-413,leaf,1,,20,2.866470202280332,0.9385316520840692,0.9568512605699879,Spaceflight
223,OSD-413,root,0,,20,2.8536977976560975,0.9362168820860158,0.9525877271638195,Ground
224,OSD-413,wick,1,,20,2.6640891334184595,0.915428631002707,0.8892948001184078,Spaceflight
225,OSD-413,substrate,0,,20,2.6174090806035837,0.908913344681247,0.8737126156799109,Ground
226,OSD-413,swab,1,,20,2.807513472408352,0.9303790004826554,0.9371710206525414,Spaceflight
227,OSD-413,leaf,0,,20,2.8022145875345723,0.9242924112487928,0.9354022094271333,Ground
228,OSD-413,root,1,,20,2.7964320077574416,0.9303194494996636,0.9334719368763521,Spaceflight
229,OSD-413,wick,0,,20,2.8074600756886525,0.9324615580275167,0.9371531963896155,Ground
230,OSD-413,substrate,1,,20,2.8212895958226376,0.9335199536058649,0.941769603622021,Spaceflight
231,OSD-413,swab,0,,20,2.7499913884304457,0.9269312449501337,0.9179696772996306,Ground
232,OSD-413,leaf,1,,20,2.663891297924058,0.914868837313008,0.8892287610079879,Spaceflight
233,OSD-413,root,0,,20,2.863663427871865,0.9372598092034791,0.9559143362549398,Ground
234,OSD-413,wick,1,,20,2.752558059256551,0.9215680073518809,0.91882645306987,Spaceflight
235,OSD-413,substrate,0,,20,2.7079352082976937,0.9209591872494857,0.9039309794813978,Ground
236,OSD-413,swab,1,,20,2.709117878577562,0.9202871651157645,0.9043257645195364,Spaceflight
237,OSD-413,leaf,0,,20,2.904638440957161,0.9410457630217319,0.9695921316464102,Ground
238,OSD-413,root,1,,20,2.7088743420356196,0.9203239173041757,0.9042444700246671,Spaceflight
239,OSD-413,wick,0,,20,2.8124838877046754,0.9316474542783346,0.9388301860393157,Ground
240,OSD-414,leaf,1,,20,2.736791590492629,0.9204032287350834,0.9135634765004661,Spaceflight
241,OSD-414,root,0,,20,2.816863826598891,0.9345065218297266,0.9402922455607492,Ground
242,OSD-414,wick,1,,20,2.7390538323575018,0.925212027884883,0.9143186313869168,Spaceflight
243,OSD-414,substrate,0,,20,2.718604027463849,0.9224047778560416,0.907492318810796,Ground
244,OSD-414,swab,1,,20,2.5812115063803285,0.9031338817218453,0.8616295685589103,Spaceflight
245,OSD-414,leaf,0,,20,2.7150568326248687,0.9177928274949867,0.9063082360840802,Ground
246,OSD-414,root,1,,20,2.80937370295819,0.9294360509651425,0.9377919808652614,Spaceflight
247,OSD-414,wick,0,,20,2.842795897343539,0.9357298254518766,0.9489485834363245,Ground
248,OSD-414,substrate,1,,20,2.8135960138006473,0.9315395339612672,0.9392014228503583,Spaceflight
249,OSD-414,swab,0,,20,2.64417820020443,0.914691126440843,0.8826483673280676,Ground
250,OSD-414,leaf,1,,20,2.750931091528748,0.9220321863021386,0.9182833579000628,Spaceflight
251,OSD-414,root,0,,20,2.744319188932345,0.9261573018151746,0.9160762505911846,Ground
252,OSD-414,wick,1,,20,2.8255176300165497,0.9331602045335456,0.9431809561087691,Spaceflight
253,OSD-414,substrate,0,,20,2.6171947670915183,0.905681347447195,0.8736410760720636,Ground
254,OSD-414,swab,1,,20,2.791592287031312,0.9320927112066792,0.9318563984088949,Spaceflight
255,OSD-414,leaf,0,,20,2.8354557218761,0.9312092144794952,0.9464983726707504,Ground
256,OSD-414,root,1,,20,2.7311205170440838,0.9241823206339972,0.9116704256765961,Spaceflight
257,OSD-414,wick,0,,20,2.795059400157129,0.9288969897826146,0.9330137492030309,Ground
258,OSD-414,substrate,1,,20,2.627481980699632,0.9120083469536396,0.8770750323367567,Spaceflight
259,OSD-414,swab,0,,20,2.641185047890395,0.9070016141551082,0.8816492285397125,Ground
260,OSD-414,leaf,1,,20,2.857327628161233,0.9353966410703287,0.9537993943535678,Spaceflight
261,OSD-414,root,0,,20,2.7946669696010282,0.9299551278356918,0.9328827526652012,Ground
262,OSD-414,wick,1,,20,2.7560356164501405,0.926862483968389,0.9199872901794772,Spaceflight
263,OSD-414,substrate,0,,20,2.7050068718961087,0.9201128967279533,0.902953476776154,Ground
264,OSD-414,swab,1,,20,2.72417004135531,0.9213194983975623,0.9093502998929498,Spaceflight
265,OSD-414,leaf,0,,20,2.8545547798205453,0.9371371266470058,0.9528737948381617,Ground
266,OSD-414,root,1,,20,2.7115391695887303,0.9204246769311952,0.9051340113153343,Spaceflight
267,OSD-414,wick,0,,20,2.7640005575322277,0.9287670494183944,0.9226460528307331,Ground
268,OSD-414,substrate,1,,20,2.8295064825394727,0.934243333725227,0.944512467792285,Spaceflight
269,OSD-414,swab,0,,20,2.624419384805336,0.9099356286951394,0.8760527127118248,Ground
270,OSD-414,leaf,1,,20,2.7698061164713175,0.9254068604875559,0.9245839960142214,Spaceflight
271,OSD-414,root,0,,20,2.878609035544047,0.9391452769343032,0.9609033026602892,Ground
272,OSD-414,wick,1,,20,2.6042482547410075,0.9036298940674655,0.8693194240790597,Spaceflight
273,OSD-414,substrate,0,,20,2.7427285690813976,0.925333309652578,0.9155452886407496,Ground
274,OSD-414,swab,1,,20,2.5914899346050264,0.9014111395973586,0.8650605921905729,Spaceflight
275,OSD-414,leaf,0,,20,2.825596590802964,0.9335773792795449,0.9432073138668075,Ground
276,OSD-414,root,1,,20,2.823184067637508,0.9340793945509667,0.9424019938498108,Spaceflight
277,OSD-414,wick,0,,20,2.877421569608451,0.9378003809493116,0.960506916792941,Ground
278,OSD-414,substrate,1,,20,2.7214282242676413,0.9253123635770657,0.9084350588642794,Spaceflight
279,OSD-414,swab,0,,20,2.809211571905992,0.9313562440208866,0.9377378601904502,Ground
280,OSD-414,leaf,1,,20,2.7824151773045473,0.9318933700089056,0.9287930039234199,Spaceflight
281,OSD-414,root,0,,20,2.7926423100861566,0.9309190212335231,0.9322069047155211,Ground
282,OSD-414,wick,1,,20,2.887833404918132,0.9394851455960491,0.9639824728036017,Spaceflight
283,OSD-414,substrate,0,,20,2.7779229991979624,0.9263216210867353,0.9272934780324578,Ground
284,OSD-414,swab,1,,20,2.771120857129145,0.9313430272809533,0.9250228672275917,Spaceflight
285,OSD-414,leaf,0,,20,2.7997772973312,0.9311849386958642,0.9345886219697732,Ground
286,OSD-414,root,1,,20,2.7292888652683347,0.9243890463794313,0.9110590052930329,Spaceflight
287,OSD-414,wick,0,,20,2.7168363779290097,0.9194867249226433,0.9069022629001113,Ground
288,OSD-772,leaf,1,,20,2.8021340577935816,0.9297950971546005,0.9353753279391908,Spaceflight
289,OSD-772,root,0,,20,2.825098453501127,0.9334737108154769,0.9430410315503821,Ground
290,OSD-772,fruit,1,,20,2.761301119492812,0.9290620363236777,0.9217449582759073,Spaceflight
291,OSD-772,substrate,0,,20,2.730281895478458,0.9237718503018,0.9113904869207101,Ground
292,OSD-772,swab,1,,20,2.49403599361204,0.8971891429398995,0.8325296674970347,Spaceflight
293,OSD-772,leaf,0,,20,2.7363133561626953,0.9234573278538736,0.9134038379592802,Ground
294,OSD-772,root,1,,20,2.6460673073040835,0.911840901736929,0.8832789667699237,Spaceflight
295,OSD-772,fruit,0,,20,2.8105754016949023,0.9323664210269645,0.9381931177583411,Ground
296,OSD-772,substrate,1,,19,2.779140158039408,0.9305833742299405,0.9438606735284331,Spaceflight
297,OSD-772,swab,0,,20,2.5918486207034745,0.9019066403456434,0.8651803245517102,Ground
298,OSD-772,leaf,1,,20,2.789234008285767,0.9309602983186244,0.9310691856241065,Spaceflight
299,OSD-772,root,0,,20,2.805731610266808,0.9319109783572657,0.9365762204571855,Ground
300,OSD-772,fruit,1,,20,2.5017301669203165,0.8740480338642096,0.8350980456449086,Spaceflight
301,OSD-772,substrate,0,,20,2.7673459815434787,0.9283371377956285,0.9237627828004917,Ground
302,OSD-772,swab,1,,20,2.8541823342475725,0.9369077358513757,0.9527494694515908,Spaceflight
303,OSD-772,leaf,0,,20,2.689636627097307,0.9156224528432898,0.8978227630156193,Ground
304,OSD-772,root,1,,20,2.8021028315606564,0.9298909478954271,0.9353649043665635,Spaceflight
305,OSD-772,fruit,0,,20,2.8102926467230547,0.9325585188010023,0.938098731829951,Ground
306,OSD-772,substrate,1,,20,2.7352234047679147,0.926881088734127,0.9130400032453431,Spaceflight
307,OSD-772,swab,0,,20,2.6988604837163033,0.9192464921566902,0.9009017619970782,Ground
308,OSD-772,leaf,1,,20,2.6749378022651564,0.9164947665878771,0.8929161747460632,Spaceflight
309,OSD-772,root,0,,20,2.8325806831519347,0.9337473746691247,0.9455386611673074,Ground
310,OSD-772,fruit,1,,20,2.7318197767377614,0.9199018054886191,0.9119038442967614,Spaceflight
311,OSD-772,substrate,0,,20,2.8086651465058683,0.9332581557541102,0.9375554589108207,Ground
312,OSD-772,swab,1,,20,2.671097060354554,0.9166123400894532,0.8916341035995498,Spaceflight
313,OSD-772,leaf,0,,20,2.758218285426128,0.924502424477249,0.9207158829830652,Ground
314,OSD-772,root,1,,20,2.797633914666326,0.9282321832730922,0.93387314325901,Spaceflight
315,OSD-772,fruit,0,,20,2.6534453157475086,0.9126026564566391,0.8857418064931385,Ground
316,OSD-772,substrate,1,,20,2.7175338850045816,0.9194169721708321,0.9071350964819803,Spaceflight
317,OSD-772,swab,0,,20,2.77707335068359,0.9261843341437677,0.9270098583906516,Ground
318,OSD-772,leaf,1,,20,2.7914848158519407,0.9294105062310832,0.9318205236478823,Spaceflight
319,OSD-772,root,0,,20,2.8859492394554316,0.9393822230836633,0.9633535229206854,Ground
320,OSD-772,fruit,1,,20,2.732377422893991,0.9211529519632997,0.912089991156797,Spaceflight
321,OSD-772,substrate,0,,20,2.7974226116443983,0.9313005724385763,0.9338026085774589,Ground
322,OSD-772,swab,1,,20,2.62492194986867,0.9063771579086776,0.8762204730513486,Spaceflight
323,OSD-772,leaf,0,,20,2.734601504674387,0.9219090002059174,0.9128324078941102,Ground
324,OSD-772,root,1,,20,2.764294849042919,0.9268512260533005,0.9227442897503969,Spaceflight
325,OSD-772,fruit,0,,20,2.738615388963637,0.924656531918883,0.9141722753865041,Ground
326,OSD-772,substrate,1,,20,2.7476424307751675,0.9223489011948386,0.9171855759712126,Spaceflight
327,OSD-772,swab,0,,20,2.530861359263902,0.9036487710964501,0.8448222765452306,Ground
328,OSD-772,leaf,1,,20,2.786529608646871,0.9290991440339507,0.9301664348466854,Spaceflight
329,OSD-772,root,0,,20,2.8501084991152825,0.9331954818066488,0.9513895898761516,Ground
330,OSD-772,fruit,1,,20,2.671657619884709,0.9141082317344743,0.8918212229676935,Spaceflight
331,OSD-772,substrate,0,,20,2.86626976820376,0.9377609101513118,0.9567843540315294,Ground
332,OSD-772,swab,1,,20,2.8082826519515502,0.9301920024069074,0.937427779091868,Spaceflight
333,OSD-772,leaf,0,,20,2.8259551643290854,0.933998834582591,0.9433270086503791,Ground
334,OSD-772,root,1,,20,2.7731126997034723,0.9317455644959054,0.9256877606133963,Spaceflight
335,OSD-772,fruit,0,,20,2.80365652719603,0.9311896887933352,0.9358835407110357,Ground
336,OSD-772,substrate,1,,20,2.7683007187899564,0.9256551642768504,0.9240814819228753,Spaceflight
337,OSD-772,swab,0,,20,2.6984536314582948,0.9193001386992989,0.9007659513768835,Ground
338,OSD-772,leaf,1,,20,2.7738330621589276,0.9269801536021811,0.9259282235085003,Spaceflight
339,OSD-772,root,0,,20,2.8960304325766453,0.9403369533527697,0.9667187078573399,Ground
340,OSD-772,fruit,1,,20,2.7883014478102894,0.9295092295944118,0.9307578892897477,Spaceflight
341,OSD-772,substrate,0,,20,2.734593789685458,0.9220588482103131,0.9128298325675376,Ground
342,OSD-772,swab,1,,20,2.6939832969273536,0.9193719829278074,0.8992737170506038,Spaceflight
343,OSD-772,leaf,0,,20,2.7078687110505943,0.9234933335482215,0.9039087821549924,Ground
344,OSD-772,root,1,,20,2.8390038311553267,0.9335430884764983,0.9476827606451196,Spaceflight
345,OSD-772,fruit,0,,20,2.8734592206633165,0.9384776026876251,0.9591842522210385,Ground
346,OSD-772,substrate,1,,20,2.659021901095122,0.9149702071123219,0.8876033164140493,Spaceflight
347,OSD-772,swab,0,,20,2.786477222492357,0.926091498166927,0.9301489479187057,Ground
348,OSD-772,leaf,1,,20,2.630335311914265,0.9094370506514986,0.8780274976955011,Spaceflight
349,OSD-772,root,0,,20,2.836713563815403,0.9357059128557361,0.9469182506252684,Ground
350,OSD-772,fruit,1,,20,2.808157342980834,0.9319316211329394,0.9373859499298223,Spaceflight
351,OSD-772,substrate,0,,20,2.73016230073668,0.9233113300946584,0.9113505652151447,Ground
352,OSD-772,swab,1,,20,2.866567819314189,0.9367505284707743,0.9568838459364168,Spaceflight
353,OSD-772,leaf,0,,20,2.7755433615817022,0.9295835748299335,0.926499135481467,Ground
354,OSD-772,root,1,,20,2.785544948858985,0.9331269894301688,0.9298377473345941,Spaceflight
355,OSD-772,fruit,0,,20,2.8198370914466557,0.9335962492981985,0.9412847457497724,Ground
356,OSD-772,substrate,1,,20,2.7012892191895457,0.9211475885536282,0.9017124938153661,Spaceflight
357,OSD-772,swab,0,,20,2.7250184085582383,0.9236067623041625,0.9096334918224882,Ground
358,OSD-772,leaf,1,,20,2.7932849924405807,0.9280476120118029,0.93242143735587,Spaceflight
359,OSD-772,root,0,,20,2.790801397747878,0.9295315003034844,0.9315923930802424,Ground
360,OSD-772,fruit,1,,20,2.678081922663476,0.9129708307113391,0.8939657079189958,Spaceflight
361,OSD-772,substrate,0,,20,2.805480171641694,0.929902213452261,0.9364922881821508,Ground
362,OSD-772,swab,1,,20,2.6830582576882773,0.9147536023185676,0.8956268493596818,Spaceflight
363,OSD-772,leaf,0,,20,2.6921413120728572,0.9194530564557263,0.8986588474006163,Ground
364,OSD-772,root,1,,20,2.769087591431352,0.9283929215731456,0.9243441464634761,Spaceflight
365,OSD-772,fruit,0,,20,2.704026326211237,0.9174872415583811,0.9026261625853874,Ground
366,OSD-772,substrate,1,,20,2.731688739268445,0.9230832115026789,0.9118601029149052,Spaceflight
367,OSD-772,swab,0,,20,2.7336130566124286,0.927277019441812,0.9125024558250672,Ground
368,OSD-772,leaf,1,,20,2.8915637413666073,0.9384313516834246,0.9652276897014556,Spaceflight
369,OSD-772,root,0,,20,2.84352270644265,0.9350910382614771,0.9491911982739476,Ground
370,OSD-772,fruit,1,,20,2.735240083504462,0.9206619748955774,0.9130455707443799,Spaceflight
371,OSD-772,substrate,0,,20,2.785810323628321,0.9285539880468627,0.9299263316088562,Ground
372,OSD-772,swab,1,,20,2.797650605941228,0.9294907937627119,0.9338787149434523,Spaceflight
373,OSD-772,leaf,0,,20,2.765229490590147,0.9262772984152352,0.9230562807635722,Ground
374,OSD-772,root,1,,20,2.8583149552908926,0.9368070103123218,0.9541289722462171,Spaceflight
375,OSD-772,fruit,0,,20,2.8272454365333277,0.9342537599024505,0.9437577120932844,Ground
376,OSD-772,substrate,1,,20,2.675815000981178,0.9174194140870318,0.8932089908711105,Spaceflight
377,OSD-772,swab,0,,20,2.6972508582168766,0.9169086988795013,0.9003644558053212,Ground
378,OSD-772,leaf,1,,20,2.721814419576019,0.9126279716069665,0.908563974025286,Spaceflight
379,OSD-772,root,0,,20,2.8842695762716026,0.9398662541209715,0.9627928375755173,Ground
380,OSD-772,fruit,1,,20,2.7451226428728015,0.922993449552992,0.91634445010539,Spaceflight
381,OSD-772,substrate,0,,20,2.776292614194324,0.926496029321634,0.9267492421479526,Ground
382,OSD-772,swab,1,,20,2.732401172585672,0.9219352632461058,0.9120979189986441,Spaceflight
383,OSD-772,leaf,0,,20,2.742043226511506,0.9226224550168651,0.9153165156706341,Ground
384,OSD-773,leaf,1,,20,2.715907014066044,0.9222598203667771,0.9065920336212235,Spaceflight
385,OSD-773,root,0,,20,2.768820585410127,0.9287395373790226,0.924255017663956,Ground
386,OSD-773,fruit,1,,20,2.7580617404707373,0.9266028794750529,0.9206636269931783,Spaceflight
387,OSD-773,substrate,0,,20,2.8441974324015282,0.937487606263776,0.9494164273322432,Ground
388,OSD-773,water,1,,20,2.6858593991750515,0.9180519136947024,0.8965618933592749,Spaceflight
389,OSD-773,swab,0,,20,2.7629990093805503,0.925937410003828,0.9223117278443119,Ground
390,OSD-773,leaf,1,,20,2.6821494914629853,0.9132228558572546,0.8953234957411644,Spaceflight
391,OSD-773,root,0,,20,2.7484182098467618,0.9259464063946763,0.9174445373872386,Ground
392,OSD-773,fruit,1,,20,2.692141372889879,0.9115960736615919,0.8986588677018369,Spaceflight
393,OSD-773,substrate,0,,20,2.6537779503258476,0.9164031088064533,0.8858528426432228,Ground
394,OSD-773,water,1,,20,2.6252504391763516,0.9086215030384729,0.8763301254760935,Spaceflight
395,OSD-773,swab,0,,20,2.7806651507248987,0.9276228828604446,0.9282088306996984,Ground
396,OSD-773,leaf,1,,20,2.7889396919328098,0.9328336204519525,0.9309709404118905,Spaceflight
397,OSD-773,root,0,,20,2.7673350255072835,0.9299701059636926,0.9237591255857627,Ground
398,OSD-773,fruit,1,,20,2.7262766862439722,0.9222526389098187,0.9100535152327381,Spaceflight
399,OSD-773,substrate,0,,20,2.7741724379934514,0.930785265756791,0.9260415099451822,Ground
400,OSD-773,water,1,,20,2.6394436670852706,0.9173505622453599,0.8810679413464285,Spaceflight
401,OSD-773,swab,0,,20,2.7009619163620893,0.9133198425817474,0.9016032374474504,Ground
402,OSD-773,leaf,1,,20,2.6191309642652345,0.9086085205321018,0.8742873945668133,Spaceflight
403,OSD-773,root,0,,20,2.7690777957629735,0.9300051346278438,0.92434087658904,Ground
404,OSD-773,fruit,1,,20,2.749084327480489,0.919734396905024,0.9176668929160045,Spaceflight
405,OSD-773,substrate,0,,20,2.781443900042628,0.9286431897552274,0.9284687836082423,Ground
406,OSD-773,water,1,,20,2.788311681592118,0.9284178982741329,0.9307613054100462,Spaceflight
407,OSD-773,swab,0,,20,2.614624503407483,0.9035180018365473,0.8727831009763832,Ground
408,OSD-773,leaf,1,,20,2.6655353939227746,0.9082556042334431,0.8897775737350899,Spaceflight
409,OSD-773,root,0,,20,2.8324708279357607,0.9360346465908047,0.9455019905952594,Ground
410,OSD-773,fruit,1,,20,2.6837044633833607,0.910859281187967,0.8958425581200367,Spaceflight
411,OSD-773,substrate,0,,20,2.6959122048008317,0.9073865217814406,0.8999176023171566,Ground
412,OSD-773,water,1,,19,2.678912713027633,0.9212886633628747,0.9098211007198469,Spaceflight
413,OSD-773,swab,0,,20,2.726609404978794,0.9213865151496428,0.9101645794749467,Ground
414,OSD-773,leaf,1,,20,2.724645215471502,0.9207126834366184,0.9095089169096929,Spaceflight
415,OSD-773,root,0,,20,2.8576219063843746,0.9359368405852926,0.9538976268377385,Ground
416,OSD-773,fruit,1,,20,2.6886599626664545,0.9174698759785963,0.8974967444192732,Spaceflight
417,OSD-773,substrate,0,,20,2.7976871121389517,0.9336931784542126,0.9338909010116287,Ground
418,OSD-773,water,1,,20,2.602104624357845,0.908305406258041,0.8686038626779005,Spaceflight
419,OSD-773,swab,0,,20,2.673755494009101,0.9198247508991506,0.8925215105544421,Ground
420,OSD-773,leaf,1,,20,2.7227209518769544,0.922992642063766,0.9088665819415334,Spaceflight
421,OSD-773,root,0,,20,2.7772872398939104,0.9273953960772597,0.9270812563630968,Ground
422,OSD-773,fruit,1,,20,2.647751991340135,0.9132261979872636,0.8838413281167382,Spaceflight
423,OSD-773,substrate,0,,20,2.8287078667717442,0.9331134847976299,0.9442458832998127,Ground
424,OSD-773,water,1,,20,2.7238747694837304,0.9240385564012056,0.9092517357207819,Spaceflight
425,OSD-773,swab,0,,20,2.7485760462518516,0.926001877056667,0.9174972244736259,Ground
426,OSD-773,leaf,1,,20,2.782552522283322,0.928265352721856,0.9288388508036591,Spaceflight
427,OSD-773,root,0,,20,2.78017053137018,0.9262272963055924,0.9280437227028706,Ground
428,OSD-773,fruit,1,,20,2.711970309414893,0.9196231768688665,0.9052779293249538,Spaceflight
429,OSD-773,substrate,0,,20,2.7903564179117195,0.9297490705928739,0.9314438551617887,Ground
430,OSD-773,water,1,,20,2.737469357367971,0.921545924150617,0.9137897206416149,Spaceflight
431,OSD-773,swab,0,,20,2.754882448020831,0.9280977528749103,0.9196023531009908,Ground
432,OSD-773,leaf,1,,20,2.854524020074392,0.9364401599769024,0.9528635269826444,Spaceflight
433,OSD-773,root,0,,20,2.8411814320127204,0.9333759796424734,0.9484096616691589,Ground
434,OSD-773,fruit,1,,20,2.803142234217627,0.931307620620497,0.9357118654972847,Spaceflight
435,OSD-773,substrate,0,,20,2.7917829497689284,0.9307234253813567,0.9319200431942782,Ground
436,OSD-773,water,1,,20,2.575682935486131,0.9027546769994647,0.8597840862563015,Spaceflight
437,OSD-773,swab,0,,20,2.708847670492614,0.922576600177917,0.9042355668448866,Ground
438,OSD-773,leaf,1,,20,2.6936442299924863,0.9177881664733211,0.8991605337271604,Spaceflight
439,OSD-773,root,0,,20,2.8129133360781204,0.9321640266292717,0.9389735394281469,Ground
440,OSD-773,fruit,1,,20,2.793547499037901,0.9281280233596554,0.9325090642107922,Spaceflight
441,OSD-773,substrate,0,,20,2.740354938094224,0.9256251375381688,0.9147529511518065,Ground
442,OSD-773,water,1,,20,2.7824454864870254,0.9295060085531601,0.9288031213770874,Spaceflight
443,OSD-773,swab,0,,20,2.8404546280940535,0.9357274682687506,0.9481670485608102,Ground
