osd_accession,tissue_type,environment,phylum,genus,mean_rel
OSD-412,leaf,Ground,Actinomycetota,Curtobacterium,0.06547898396045926
OSD-412,leaf,Ground,Actinomycetota,Cutibacterium,0.03451959127605024
OSD-412,leaf,Ground,Actinomycetota,Streptomyces,0.034399304626559976
OSD-412,leaf,Ground,Bacillota,Bacillus,0.07589757134265573
OSD-412,leaf,Ground,Bacillota,Paenibacillus,0.03044498154552101
OSD-412,leaf,Ground,Bacillota,Staphylococcus,0.02446933487333566
OSD-412,leaf,Ground,Bacteroidota,Chryseobacterium,0.05996105363760172
OSD-412,leaf,Ground,Bacteroidota,Flavobacterium,0.03788472945531193
OSD-412,leaf,Ground,Pseudomonadota,Acinetobacter,0.054005448399797186
OSD-412,leaf,Ground,Pseudomonadota,Burkholderia,0.029759436897480396
OSD-412,leaf,Ground,Pseudomonadota,Enterobacter,0.03895632553312835
OSD-412,leaf,Ground,Pseudomonadota,Massilia,0.04380389185327681
OSD-412,leaf,Ground,Pseudomonadota,Methylobacterium,0.10830392856541211
OSD-412,leaf,Ground,Pseudomonadota,Pantoea,0.07648774528609195
OSD-412,leaf,Ground,Pseudomonadota,Pseudomonas,0.06431843078285107
OSD-412,leaf,Ground,Pseudomonadota,Ralstonia,0.01754315013455958
OSD-412,leaf,Ground,Pseudomonadota,Rhizobium,0.03082616144158213
OSD-412,leaf,Ground,Pseudomonadota,Sphingomonas,0.04785212414171659
OSD-412,leaf,Ground,Pseudomonadota,Stenotrophomonas,0.06458871521855233
OSD-412,leaf,Ground,Pseudomonadota,Variovorax,0.06049909102805595
OSD-412,leaf,Spaceflight,Actinomycetota,Curtobacterium,0.06481885575947906
OSD-412,leaf,Spaceflight,Actinomycetota,Cutibacterium,0.028097899257844967
OSD-412,leaf,Spaceflight,Actinomycetota,Streptomyces,0.0576585839702942
OSD-412,leaf,Spaceflight,Bacillota,Bacillus,0.04541692638482004
OSD-412,leaf,Spaceflight,Bacillota,Paenibacillus,0.02593104691734426
OSD-412,leaf,Spaceflight,Bacillota,Staphylococcus,0.019246319884382794
OSD-412,leaf,Spaceflight,Bacteroidota,Chryseobacterium,0.05448544872951848
OSD-412,leaf,Spaceflight,Bacteroidota,Flavobacterium,0.06179169331941693
OSD-412,leaf,Spaceflight,Pseudomonadota,Acinetobacter,0.07896563382712092
OSD-412,leaf,Spaceflight,Pseudomonadota,Burkholderia,0.02598106696897331
OSD-412,leaf,Spaceflight,Pseudomonadota,Enterobacter,0.06908273151592728
OSD-412,leaf,Spaceflight,Pseudomonadota,Massilia,0.03371480942036482
OSD-412,leaf,Spaceflight,Pseudomonadota,Methylobacterium,0.05243789366349917
OSD-412,leaf,Spaceflight,Pseudomonadota,Pantoea,0.07278030491030738
OSD-412,leaf,Spaceflight,Pseudomonadota,Pseudomonas,0.060559916825128034
OSD-412,leaf,Spaceflight,Pseudomonadota,Ralstonia,0.05871173042986342
OSD-412,leaf,Spaceflight,Pseudomonadota,Rhizobium,0.027876808473364517
OSD-412,leaf,Spaceflight,Pseudomonadota,Sphingomonas,0.04538962278957846
OSD-412,leaf,Spaceflight,Pseudomonadota,Stenotrophomonas,0.0756269370836892
OSD-412,leaf,Spaceflight,Pseudomonadota,Variovorax,0.041425769869082814
OSD-412,root,Ground,Actinomycetota,Curtobacterium,0.03356060419441627
OSD-412,root,Ground,Actinomycetota,Cutibacterium,0.011971211933230648
OSD-412,root,Ground,Actinomycetota,Streptomyces,0.0639881647914644
OSD-412,root,Ground,Bacillota,Bacillus,0.0594419746495514
OSD-412,root,Ground,Bacillota,Paenibacillus,0.03666226816875404
OSD-412,root,Ground,Bacillota,Staphylococcus,0.01220224976087788
OSD-412,root,Ground,Bacteroidota,Chryseobacterium,0.08091379260439453
OSD-412,root,Ground,Bacteroidota,Flavobacterium,0.060174712303345236
OSD-412,root,Ground,Pseudomonadota,Acinetobacter,0.038405994764267336
OSD-412,root,Ground,Pseudomonadota,Burkholderia,0.08208031660019037
OSD-412,root,Ground,Pseudomonadota,Enterobacter,0.06537188354906168
OSD-412,root,Ground,Pseudomonadota,Massilia,0.06207799342884244
OSD-412,root,Ground,Pseudomonadota,Methylobacterium,0.02515902793949696
OSD-412,root,Ground,Pseudomonadota,Pantoea,0.050334679080156174
OSD-412,root,Ground,Pseudomonadota,Pseudomonas,0.043358409704526646
OSD-412,root,Ground,Pseudomonadota,Ralstonia,0.06536742321110793
OSD-412,root,Ground,Pseudomonadota,Rhizobium,0.08414459486844303
OSD-412,root,Ground,Pseudomonadota,Sphingomonas,0.02100130282044042
OSD-412,root,Ground,Pseudomonadota,Stenotrophomonas,0.0605772657275949
OSD-412,root,Ground,Pseudomonadota,Variovorax,0.04320612989983771
OSD-412,root,Spaceflight,Actinomycetota,Curtobacterium,0.049341589507250316
OSD-412,root,Spaceflight,Actinomycetota,Cutibacterium,0.007295028313644281
OSD-412,root,Spaceflight,Actinomycetota,Streptomyces,0.04717810750019848
OSD-412,root,Spaceflight,Bacillota,Bacillus,0.03326376598671453
OSD-412,root,Spaceflight,Bacillota,Paenibacillus,0.03578283076625114
OSD-412,root,Spaceflight,Bacillota,Staphylococcus,0.010989150631248504
OSD-412,root,Spaceflight,Bacteroidota,Chryseobacterium,0.05138223582231163
OSD-412,root,Spaceflight,Bacteroidota,Flavobacterium,0.0415513069433614
OSD-412,root,Spaceflight,Pseudomonadota,Acinetobacter,0.0594507356274032
OSD-412,root,Spaceflight,Pseudomonadota,Burkholderia,0.040635500735499944
OSD-412,root,Spaceflight,Pseudomonadota,Enterobacter,0.07970126360658383
OSD-412,root,Spaceflight,Pseudomonadota,Massilia,0.06080980990804356
OSD-412,root,Spaceflight,Pseudomonadota,Methylobacterium,0.01340658735842735
OSD-412,root,Spaceflight,Pseudomonadota,Pantoea,0.052070008510986324
OSD-412,root,Spaceflight,Pseudomonadota,Pseudomonas,0.11772056326879063
OSD-412,root,Spaceflight,Pseudomonadota,Ralstonia,0.11435388230855961
OSD-412,root,Spaceflight,Pseudomonadota,Rhizobium,0.07030627740597248
OSD-412,root,Spaceflight,Pseudomonadota,Sphingomonas,0.024318923431383633
OSD-412,root,Spaceflight,Pseudomonadota,Stenotrophomonas,0.054600544854892574
OSD-412,root,Spaceflight,Pseudomonadota,Variovorax,0.035841887512476564
OSD-412,substrate,Ground,Actinomycetota,Curtobacterium,0.026565658735208365
OSD-412,substrate,Ground,Actinomycetota,Cutibacterium,0.01510395937425987
OSD-412,substrate,Ground,Actinomycetota,Streptomyces,0.05933593273828412
OSD-412,substrate,Ground,Bacillota,Bacillus,0.06826364331445636
OSD-412,substrate,Ground,Bacillota,Paenibacillus,0.04675369973562785
OSD-412,substrate,Ground,Bacillota,Staphylococcus,0.009553484783946685
OSD-412,substrate,Ground,Bacteroidota,Chryseobacterium,0.0540711612013283
OSD-412,substrate,Ground,Bacteroidota,Flavobacterium,0.04884617786399942
OSD-412,substrate,Ground,Pseudomonadota,Acinetobacter,0.024581052258474685
OSD-412,substrate,Ground,Pseudomonadota,Burkholderia,0.08460905909976775
OSD-412,substrate,Ground,Pseudomonadota,Enterobacter,0.04644802912752033
OSD-412,substrate,Ground,Pseudomonadota,Massilia,0.04406179853599836
OSD-412,substrate,Ground,Pseudomonadota,Methylobacterium,0.042685394895926786
OSD-412,substrate,Ground,Pseudomonadota,Pantoea,0.03143111941296082
OSD-412,substrate,Ground,Pseudomonadota,Pseudomonas,0.05505331318427405
OSD-412,substrate,Ground,Pseudomonadota,Ralstonia,0.059430502583930137
OSD-412,substrate,Ground,Pseudomonadota,Rhizobium,0.11284213642721921
OSD-412,substrate,Ground,Pseudomonadota,Sphingomonas,0.04735621485740875
OSD-412,substrate,Ground,Pseudomonadota,Stenotrophomonas,0.06694724995193664
OSD-412,substrate,Ground,Pseudomonadota,Variovorax,0.056060411917471534
OSD-412,substrate,Spaceflight,Actinomycetota,Curtobacterium,0.020138844140895742
OSD-412,substrate,Spaceflight,Actinomycetota,Cutibacterium,0.017058657028634426
OSD-412,substrate,Spaceflight,Actinomycetota,Streptomyces,0.036860949652088006
OSD-412,substrate,Spaceflight,Bacillota,Bacillus,0.042274284420915846
OSD-412,substrate,Spaceflight,Bacillota,Paenibacillus,0.07118371884631071
OSD-412,substrate,Spaceflight,Bacillota,Staphylococcus,0.015998990935738547
OSD-412,substrate,Spaceflight,Bacteroidota,Chryseobacterium,0.03149368310281492
OSD-412,substrate,Spaceflight,Bacteroidota,Flavobacterium,0.07749419240155156
OSD-412,substrate,Spaceflight,Pseudomonadota,Acinetobacter,0.053360854420679116
OSD-412,substrate,Spaceflight,Pseudomonadota,Burkholderia,0.046300546975634835
OSD-412,substrate,Spaceflight,Pseudomonadota,Enterobacter,0.0619284908886576
OSD-412,substrate,Spaceflight,Pseudomonadota,Massilia,0.06588778023833809
OSD-412,substrate,Spaceflight,Pseudomonadota,Methylobacterium,0.011839985871749921
OSD-412,substrate,Spaceflight,Pseudomonadota,Pantoea,0.05466749950354936
OSD-412,substrate,Spaceflight,Pseudomonadota,Pseudomonas,0.07327543012753852
OSD-412,substrate,Spaceflight,Pseudomonadota,Ralstonia,0.09879705743863815
OSD-412,substrate,Spaceflight,Pseudomonadota,Rhizobium,0.05391896418111189
OSD-412,substrate,Spaceflight,Pseudomonadota,Sphingomonas,0.027811126204696262
OSD-412,substrate,Spaceflight,Pseudomonadota,Stenotrophomonas,0.08759215693918268
OSD-412,substrate,Spaceflight,Pseudomonadota,Variovorax,0.05211678668127382
OSD-412,swab,Ground,Actinomycetota,Curtobacterium,0.02159550537447867
OSD-412,swab,Ground,Actinomycetota,Cutibacterium,0.12696113035786163
OSD-412,swab,Ground,Actinomycetota,Streptomyces,0.05528722277666165
OSD-412,swab,Ground,Bacillota,Bacillus,0.08272659926700612
OSD-412,swab,Ground,Bacillota,Paenibacillus,0.05056036028373044
OSD-412,swab,Ground,Bacillota,Staphylococcus,0.11014954346937503
OSD-412,swab,Ground,Bacteroidota,Chryseobacterium,0.031993640725289825
OSD-412,swab,Ground,Bacteroidota,Flavobacterium,0.04408180753249359
OSD-412,swab,Ground,Pseudomonadota,Acinetobacter,0.053156726435478106
OSD-412,swab,Ground,Pseudomonadota,Burkholderia,0.015267537507156242
OSD-412,swab,Ground,Pseudomonadota,Enterobacter,0.07556469868915287
OSD-412,swab,Ground,Pseudomonadota,Massilia,0.035521425366197915
OSD-412,swab,Ground,Pseudomonadota,Methylobacterium,0.03116249440581528
OSD-412,swab,Ground,Pseudomonadota,Pantoea,0.018657806840094923
OSD-412,swab,Ground,Pseudomonadota,Pseudomonas,0.054381349615717806
OSD-412,swab,Ground,Pseudomonadota,Ralstonia,0.04237805558884203
OSD-412,swab,Ground,Pseudomonadota,Rhizobium,0.02555644282387829
OSD-412,swab,Ground,Pseudomonadota,Sphingomonas,0.044033943488532956
OSD-412,swab,Ground,Pseudomonadota,Stenotrophomonas,0.0644354033002021
OSD-412,swab,Ground,Pseudomonadota,Variovorax,0.016528306152034506
OSD-412,swab,Spaceflight,Actinomycetota,Curtobacterium,0.020070328665186255
OSD-412,swab,Spaceflight,Actinomycetota,Cutibacterium,0.09964490116728
OSD-412,swab,Spaceflight,Actinomycetota,Streptomyces,0.043268768116697456
OSD-412,swab,Spaceflight,Bacillota,Bacillus,0.045294593053196705
OSD-412,swab,Spaceflight,Bacillota,Paenibacillus,0.019016095475233794
OSD-412,swab,Spaceflight,Bacillota,Staphylococcus,0.08621789794215283
OSD-412,swab,Spaceflight,Bacteroidota,Chryseobacterium,0.01704197496573626
OSD-412,swab,Spaceflight,Bacteroidota,Flavobacterium,0.03253475655636708
OSD-412,swab,Spaceflight,Pseudomonadota,Acinetobacter,0.10024880237549749
OSD-412,swab,Spaceflight,Pseudomonadota,Burkholderia,0.01615759030910829
OSD-412,swab,Spaceflight,Pseudomonadota,Enterobacter,0.09408288612293109
OSD-412,swab,Spaceflight,Pseudomonadota,Massilia,0.05372750360052183
OSD-412,swab,Spaceflight,Pseudomonadota,Methylobacterium,0.028630173771534408
OSD-412,swab,Spaceflight,Pseudomonadota,Pantoea,0.06124817401931162
OSD-412,swab,Spaceflight,Pseudomonadota,Pseudomonas,0.06667127311163637
OSD-412,swab,Spaceflight,Pseudomonadota,Ralstonia,0.03277074507171367
OSD-412,swab,Spaceflight,Pseudomonadota,Rhizobium,0.020932626808109596
OSD-412,swab,Spaceflight,Pseudomonadota,Sphingomonas,0.03405632742170247
OSD-412,swab,Spaceflight,Pseudomonadota,Stenotrophomonas,0.09694028588686385
OSD-412,swab,Spaceflight,Pseudomonadota,Variovorax,0.03144429555921897
OSD-412,wick,Ground,Actinomycetota,Curtobacterium,0.04284226329895191
OSD-412,wick,Ground,Actinomycetota,Cutibacterium,0.02639961553326614
OSD-412,wick,Ground,Actinomycetota,Streptomyces,0.05244716179771732
OSD-412,wick,Ground,Bacillota,Bacillus,0.064458508462236
OSD-412,wick,Ground,Bacillota,Paenibacillus,0.07374167657851058
OSD-412,wick,Ground,Bacillota,Staphylococcus,0.05123194937615335
OSD-412,wick,Ground,Bacteroidota,Chryseobacterium,0.05828883699346529
OSD-412,wick,Ground,Bacteroidota,Flavobacterium,0.05425314655984473
OSD-412,wick,Ground,Pseudomonadota,Acinetobacter,0.05294122407652445
OSD-412,wick,Ground,Pseudomonadota,Burkholderia,0.06799068544166847
OSD-412,wick,Ground,Pseudomonadota,Enterobacter,0.0513850091172202
OSD-412,wick,Ground,Pseudomonadota,Massilia,0.044851486592802615
OSD-412,wick,Ground,Pseudomonadota,Methylobacterium,0.04187665722826695
OSD-412,wick,Ground,Pseudomonadota,Pantoea,0.02450503875562926
OSD-412,wick,Ground,Pseudomonadota,Pseudomonas,0.07720274966118305
OSD-412,wick,Ground,Pseudomonadota,Ralstonia,0.02524240014625727
OSD-412,wick,Ground,Pseudomonadota,Rhizobium,0.038285903256995844
OSD-412,wick,Ground,Pseudomonadota,Sphingomonas,0.04745063102054308
OSD-412,wick,Ground,Pseudomonadota,Stenotrophomonas,0.05958564570080481
OSD-412,wick,Ground,Pseudomonadota,Variovorax,0.045019410401958684
OSD-412,wick,Spaceflight,Actinomycetota,Curtobacterium,0.014977091344639301
OSD-412,wick,Spaceflight,Actinomycetota,Cutibacterium,0.012736531794156842
OSD-412,wick,Spaceflight,Actinomycetota,Streptomyces,0.05995513409065913
OSD-412,wick,Spaceflight,Bacillota,Bacillus,0.0670256428689315
OSD-412,wick,Spaceflight,Bacillota,Paenibacillus,0.056082083350746756
OSD-412,wick,Spaceflight,Bacillota,Staphylococcus,0.04085781189931228
OSD-412,wick,Spaceflight,Bacteroidota,Chryseobacterium,0.036428624316480765
OSD-412,wick,Spaceflight,Bacteroidota,Flavobacterium,0.04482369691819194
OSD-412,wick,Spaceflight,Pseudomonadota,Acinetobacter,0.10351723790282634
OSD-412,wick,Spaceflight,Pseudomonadota,Burkholderia,0.044358582279778055
OSD-412,wick,Spaceflight,Pseudomonadota,Enterobacter,0.03847325458651105
OSD-412,wick,Spaceflight,Pseudomonadota,Massilia,0.031146748875390956
OSD-412,wick,Spaceflight,Pseudomonadota,Methylobacterium,0.02863508397228442
OSD-412,wick,Spaceflight,Pseudomonadota,Pantoea,0.05797890210029586
OSD-412,wick,Spaceflight,Pseudomonadota,Pseudomonas,0.08641108157564793
OSD-412,wick,Spaceflight,Pseudomonadota,Ralstonia,0.08862852393790244
OSD-412,wick,Spaceflight,Pseudomonadota,Rhizobium,0.03685403363885584
OSD-412,wick,Spaceflight,Pseudomonadota,Sphingomonas,0.029478066069146075
OSD-412,wick,Spaceflight,Pseudomonadota,Stenotrophomonas,0.09620036484265734
OSD-412,wick,Spaceflight,Pseudomonadota,Variovorax,0.025431503635585127
OSD-413,leaf,Ground,Actinomycetota,Curtobacterium,0.05716866878219886
OSD-413,leaf,Ground,Actinomycetota,Cutibacterium,0.05786384423613803
OSD-413,leaf,Ground,Actinomycetota,Streptomyces,0.031005019617586206
OSD-413,leaf,Ground,Bacillota,Bacillus,0.06047548464427803
OSD-413,leaf,Ground,Bacillota,Paenibacillus,0.031424736639478465
OSD-413,leaf,Ground,Bacillota,Staphylococcus,0.020800019268112875
OSD-413,leaf,Ground,Bacteroidota,Chryseobacterium,0.049144864685486636
OSD-413,leaf,Ground,Bacteroidota,Flavobacterium,0.0666452526252284
OSD-413,leaf,Ground,Pseudomonadota,Acinetobacter,0.05545439960289837
OSD-413,leaf,Ground,Pseudomonadota,Burkholderia,0.03838504431604618
OSD-413,leaf,Ground,Pseudomonadota,Enterobacter,0.03102795233063594
OSD-413,leaf,Ground,Pseudomonadota,Massilia,0.05766961814004238
OSD-413,leaf,Ground,Pseudomonadota,Methylobacterium,0.08420159228880568
OSD-413,leaf,Ground,Pseudomonadota,Pantoea,0.0847788732409074
OSD-413,leaf,Ground,Pseudomonadota,Pseudomonas,0.04425981604179388
OSD-413,leaf,Ground,Pseudomonadota,Ralstonia,0.03518426154434958
OSD-413,leaf,Ground,Pseudomonadota,Rhizobium,0.045939434660659084
OSD-413,leaf,Ground,Pseudomonadota,Sphingomonas,0.07729286264036947
OSD-413,leaf,Ground,Pseudomonadota,Stenotrophomonas,0.034964210215229344
OSD-413,leaf,Ground,Pseudomonadota,Variovorax,0.03631404447975521
OSD-413,leaf,Spaceflight,Actinomycetota,Curtobacterium,0.04259927238418347
OSD-413,leaf,Spaceflight,Actinomycetota,Cutibacterium,0.028257474757625772
OSD-413,leaf,Spaceflight,Actinomycetota,Streptomyces,0.03322904086826566
OSD-413,leaf,Spaceflight,Bacillota,Bacillus,0.03893645011266769
OSD-413,leaf,Spaceflight,Bacillota,Paenibacillus,0.020466228673982515
OSD-413,leaf,Spaceflight,Bacillota,Staphylococcus,0.03656313439291147
OSD-413,leaf,Spaceflight,Bacteroidota,Chryseobacterium,0.032487354974796157
OSD-413,leaf,Spaceflight,Bacteroidota,Flavobacterium,0.042665523768558575
OSD-413,leaf,Spaceflight,Pseudomonadota,Acinetobacter,0.09149081847176087
OSD-413,leaf,Spaceflight,Pseudomonadota,Burkholderia,0.02488318079778672
OSD-413,leaf,Spaceflight,Pseudomonadota,Enterobacter,0.06930388108029814
OSD-413,leaf,Spaceflight,Pseudomonadota,Massilia,0.04577793293212244
OSD-413,leaf,Spaceflight,Pseudomonadota,Methylobacterium,0.04123930222638504
OSD-413,leaf,Spaceflight,Pseudomonadota,Pantoea,0.10704252649291013
OSD-413,leaf,Spaceflight,Pseudomonadota,Pseudomonas,0.10374101564932618
OSD-413,leaf,Spaceflight,Pseudomonadota,Ralstonia,0.0602884527315765
OSD-413,leaf,Spaceflight,Pseudomonadota,Rhizobium,0.026780642486759893
OSD-413,leaf,Spaceflight,Pseudomonadota,Sphingomonas,0.060524123382043805
OSD-413,leaf,Spaceflight,Pseudomonadota,Stenotrophomonas,0.057581299351954864
OSD-413,leaf,Spaceflight,Pseudomonadota,Variovorax,0.036142344464084084
OSD-413,root,Ground,Actinomycetota,Curtobacterium,0.04294367618547928
OSD-413,root,Ground,Actinomycetota,Cutibacterium,0.009564067534518859
OSD-413,root,Ground,Actinomycetota,Streptomyces,0.04995899613471973
OSD-413,root,Ground,Bacillota,Bacillus,0.05994243152589941
OSD-413,root,Ground,Bacillota,Paenibacillus,0.06035687793900998
OSD-413,root,Ground,Bacillota,Staphylococcus,0.008425332842953936
OSD-413,root,Ground,Bacteroidota,Chryseobacterium,0.04593206752890988
OSD-413,root,Ground,Bacteroidota,Flavobacterium,0.07330858534621171
OSD-413,root,Ground,Pseudomonadota,Acinetobacter,0.03087899006741242
OSD-413,root,Ground,Pseudomonadota,Burkholderia,0.07636026354523387
OSD-413,root,Ground,Pseudomonadota,Enterobacter,0.04229750200758765
OSD-413,root,Ground,Pseudomonadota,Massilia,0.05740731475052764
OSD-413,root,Ground,Pseudomonadota,Methylobacterium,0.021427411977337513
OSD-413,root,Ground,Pseudomonadota,Pantoea,0.04243027961824891
OSD-413,root,Ground,Pseudomonadota,Pseudomonas,0.06347189305866856
OSD-413,root,Ground,Pseudomonadota,Ralstonia,0.07830262025344423
OSD-413,root,Ground,Pseudomonadota,Rhizobium,0.07772669371138959
OSD-413,root,Ground,Pseudomonadota,Sphingomonas,0.05054725498017
OSD-413,root,Ground,Pseudomonadota,Stenotrophomonas,0.05123016885458265
OSD-413,root,Ground,Pseudomonadota,Variovorax,0.0574875721376942
OSD-413,root,Spaceflight,Actinomycetota,Curtobacterium,0.04221931639626101
OSD-413,root,Spaceflight,Actinomycetota,Cutibacterium,0.00794497624426885
OSD-413,root,Spaceflight,Actinomycetota,Streptomyces,0.04349307838810555
OSD-413,root,Spaceflight,Bacillota,Bacillus,0.03252996808116645
OSD-413,root,Spaceflight,Bacillota,Paenibacillus,0.05639901467309265
OSD-413,root,Spaceflight,Bacillota,Staphylococcus,0.02103049556784365
OSD-413,root,Spaceflight,Bacteroidota,Chryseobacterium,0.04872180612265039
OSD-413,root,Spaceflight,Bacteroidota,Flavobacterium,0.054287029451744184
OSD-413,root,Spaceflight,Pseudomonadota,Acinetobacter,0.041567197404803066
OSD-413,root,Spaceflight,Pseudomonadota,Burkholderia,0.056625863047307864
OSD-413,root,Spaceflight,Pseudomonadota,Enterobacter,0.06968538422174089
OSD-413,root,Spaceflight,Pseudomonadota,Massilia,0.028804290529581677
OSD-413,root,Spaceflight,Pseudomonadota,Methylobacterium,0.015337013133077814
OSD-413,root,Spaceflight,Pseudomonadota,Pantoea,0.05190026765689802
OSD-413,root,Spaceflight,Pseudomonadota,Pseudomonas,0.10114682121972814
OSD-413,root,Spaceflight,Pseudomonadota,Ralstonia,0.10197087830313875
OSD-413,root,Spaceflight,Pseudomonadota,Rhizobium,0.059793438601476345
OSD-413,root,Spaceflight,Pseudomonadota,Sphingomonas,0.04149329362534161
OSD-413,root,Spaceflight,Pseudomonadota,Stenotrophomonas,0.08069194625368656
OSD-413,root,Spaceflight,Pseudomonadota,Variovorax,0.04435792107808654
OSD-413,substrate,Ground,Actinomycetota,Curtobacterium,0.03235763298450618
OSD-413,substrate,Ground,Actinomycetota,Cutibacterium,0.024326789757731625
OSD-413,substrate,Ground,Actinomycetota,Streptomyces,0.0780147651771114
OSD-413,substrate,Ground,Bacillota,Bacillus,0.031236592213857477
OSD-413,substrate,Ground,Bacillota,Paenibacillus,0.03694902800362785
OSD-413,substrate,Ground,Bacillota,Staphylococcus,0.007534161523880157
OSD-413,substrate,Ground,Bacteroidota,Chryseobacterium,0.0404346223997175
OSD-413,substrate,Ground,Bacteroidota,Flavobacterium,0.07611202110522905
OSD-413,substrate,Ground,Pseudomonadota,Acinetobacter,0.026971784828481254
OSD-413,substrate,Ground,Pseudomonadota,Burkholderia,0.06338024228003068
OSD-413,substrate,Ground,Pseudomonadota,Enterobacter,0.055010757489921826
OSD-413,substrate,Ground,Pseudomonadota,Massilia,0.04659192443028282
OSD-413,substrate,Ground,Pseudomonadota,Methylobacterium,0.04232751480157874
OSD-413,substrate,Ground,Pseudomonadota,Pantoea,0.03271897573998531
OSD-413,substrate,Ground,Pseudomonadota,Pseudomonas,0.09664373713389367
OSD-413,substrate,Ground,Pseudomonadota,Ralstonia,0.08563882386574512
OSD-413,substrate,Ground,Pseudomonadota,Rhizobium,0.037589081926295266
OSD-413,substrate,Ground,Pseudomonadota,Sphingomonas,0.05543609851615612
OSD-413,substrate,Ground,Pseudomonadota,Stenotrophomonas,0.07083982795216806
OSD-413,substrate,Ground,Pseudomonadota,Variovorax,0.05988561786979989
OSD-413,substrate,Spaceflight,Actinomycetota,Curtobacterium,0.030363171172286294
OSD-413,substrate,Spaceflight,Actinomycetota,Cutibacterium,0.005925576384621871
OSD-413,substrate,Spaceflight,Actinomycetota,Streptomyces,0.057333688923200433
OSD-413,substrate,Spaceflight,Bacillota,Bacillus,0.04311432548256272
OSD-413,substrate,Spaceflight,Bacillota,Paenibacillus,0.046226577212405605
OSD-413,substrate,Spaceflight,Bacillota,Staphylococcus,0.015635306200070934
OSD-413,substrate,Spaceflight,Bacteroidota,Chryseobacterium,0.04714310921691203
OSD-413,substrate,Spaceflight,Bacteroidota,Flavobacterium,0.045514073136710805
OSD-413,substrate,Spaceflight,Pseudomonadota,Acinetobacter,0.07086905173728206
OSD-413,substrate,Spaceflight,Pseudomonadota,Burkholderia,0.053946654759551786
OSD-413,substrate,Spaceflight,Pseudomonadota,Enterobacter,0.05145499668165621
OSD-413,substrate,Spaceflight,Pseudomonadota,Massilia,0.03748773659348423
OSD-413,substrate,Spaceflight,Pseudomonadota,Methylobacterium,0.05337083723196122
OSD-413,substrate,Spaceflight,Pseudomonadota,Pantoea,0.034801037620690506
OSD-413,substrate,Spaceflight,Pseudomonadota,Pseudomonas,0.12910220298171815
OSD-413,substrate,Spaceflight,Pseudomonadota,Ralstonia,0.08883897180183499
OSD-413,substrate,Spaceflight,Pseudomonadota,Rhizobium,0.047925406201463655
OSD-413,substrate,Spaceflight,Pseudomonadota,Sphingomonas,0.029748854145849386
OSD-413,substrate,Spaceflight,Pseudomonadota,Stenotrophomonas,0.08595170467423967
OSD-413,substrate,Spaceflight,Pseudomonadota,Variovorax,0.025246717841497443
OSD-413,swab,Ground,Actinomycetota,Curtobacterium,0.061622482499430746
OSD-413,swab,Ground,Actinomycetota,Cutibacterium,0.12244303675135804
OSD-413,swab,Ground,Actinomycetota,Streptomyces,0.03364805384389055
OSD-413,swab,Ground,Bacillota,Bacillus,0.05988289717539349
OSD-413,swab,Ground,Bacillota,Paenibacillus,0.04950687036166448
OSD-413,swab,Ground,Bacillota,Staphylococcus,0.10965468496506374
OSD-413,swab,Ground,Bacteroidota,Chryseobacterium,0.06057648062596938
OSD-413,swab,Ground,Bacteroidota,Flavobacterium,0.03649274457544324
OSD-413,swab,Ground,Pseudomonadota,Acinetobacter,0.0454616633383365
OSD-413,swab,Ground,Pseudomonadota,Burkholderia,0.017802853807779854
OSD-413,swab,Ground,Pseudomonadota,Enterobacter,0.06485632101703007
OSD-413,swab,Ground,Pseudomonadota,Massilia,0.028259292862892076
OSD-413,swab,Ground,Pseudomonadota,Methylobacterium,0.047749748301866936
OSD-413,swab,Ground,Pseudomonadota,Pantoea,0.04266878390669322
OSD-413,swab,Ground,Pseudomonadota,Pseudomonas,0.05064315033203393
OSD-413,swab,Ground,Pseudomonadota,Ralstonia,0.019964025197099958
OSD-413,swab,Ground,Pseudomonadota,Rhizobium,0.040188906670778235
OSD-413,swab,Ground,Pseudomonadota,Sphingomonas,0.052929875121160326
OSD-413,swab,Ground,Pseudomonadota,Stenotrophomonas,0.03811677766562253
OSD-413,swab,Ground,Pseudomonadota,Variovorax,0.01753135098049268
OSD-413,swab,Spaceflight,Actinomycetota,Curtobacterium,0.03513346659421282
OSD-413,swab,Spaceflight,Actinomycetota,Cutibacterium,0.06426199039396671
OSD-413,swab,Spaceflight,Actinomycetota,Streptomyces,0.03171808520764159
OSD-413,swab,Spaceflight,Bacillota,Bacillus,0.05182463817155394
OSD-413,swab,Spaceflight,Bacillota,Paenibacillus,0.026055706001296263
OSD-413,swab,Spaceflight,Bacillota,Staphylococcus,0.0902159459965306
OSD-413,swab,Spaceflight,Bacteroidota,Chryseobacterium,0.055562159116716615
OSD-413,swab,Spaceflight,Bacteroidota,Flavobacterium,0.03598831989062369
OSD-413,swab,Spaceflight,Pseudomonadota,Acinetobacter,0.13766287132402305
OSD-413,swab,Spaceflight,Pseudomonadota,Burkholderia,0.011090360285464328
OSD-413,swab,Spaceflight,Pseudomonadota,Enterobacter,0.06436070956834011
OSD-413,swab,Spaceflight,Pseudomonadota,Massilia,0.03074472968884482
OSD-413,swab,Spaceflight,Pseudomonadota,Methylobacterium,0.03948690286131743
OSD-413,swab,Spaceflight,Pseudomonadota,Pantoea,0.05346258847039583
OSD-413,swab,Spaceflight,Pseudomonadota,Pseudomonas,0.05901497466574701
OSD-413,swab,Spaceflight,Pseudomonadota,Ralstonia,0.04102254970407253
OSD-413,swab,Spaceflight,Pseudomonadota,Rhizobium,0.010567652358912799
OSD-413,swab,Spaceflight,Pseudomonadota,Sphingomonas,0.04566041774369135
OSD-413,swab,Spaceflight,Pseudomonadota,Stenotrophomonas,0.08760963852177217
OSD-413,swab,Spaceflight,Pseudomonadota,Variovorax,0.028556293434876322
OSD-413,wick,Ground,Actinomycetota,Curtobacterium,0.029517697348315986
OSD-413,wick,Ground,Actinomycetota,Cutibacterium,0.020129248276274846
OSD-413,wick,Ground,Actinomycetota,Streptomyces,0.05389615016118464
OSD-413,wick,Ground,Bacillota,Bacillus,0.07958833166931853
OSD-413,wick,Ground,Bacillota,Paenibacillus,0.06202038949928411
OSD-413,wick,Ground,Bacillota,Staphylococcus,0.04270422909481709
OSD-413,wick,Ground,Bacteroidota,Chryseobacterium,0.04332955747931133
OSD-413,wick,Ground,Bacteroidota,Flavobacterium,0.06732006857947397
OSD-413,wick,Ground,Pseudomonadota,Acinetobacter,0.03529569575911566
OSD-413,wick,Ground,Pseudomonadota,Burkholderia,0.057044648200518945
OSD-413,wick,Ground,Pseudomonadota,Enterobacter,0.04790277801160118
OSD-413,wick,Ground,Pseudomonadota,Massilia,0.05590430655969504
OSD-413,wick,Ground,Pseudomonadota,Methylobacterium,0.04352415298379143
OSD-413,wick,Ground,Pseudomonadota,Pantoea,0.05252010009915205
OSD-413,wick,Ground,Pseudomonadota,Pseudomonas,0.08633617546452182
OSD-413,wick,Ground,Pseudomonadota,Ralstonia,0.049537037141040435
OSD-413,wick,Ground,Pseudomonadota,Rhizobium,0.021438500179576343
OSD-413,wick,Ground,Pseudomonadota,Sphingomonas,0.05035985696290959
OSD-413,wick,Ground,Pseudomonadota,Stenotrophomonas,0.053008111117762546
OSD-413,wick,Ground,Pseudomonadota,Variovorax,0.04862296541233446
OSD-413,wick,Spaceflight,Actinomycetota,Curtobacterium,0.021023906272343178
OSD-413,wick,Spaceflight,Actinomycetota,Cutibacterium,0.01692907029701813
OSD-413,wick,Spaceflight,Actinomycetota,Streptomyces,0.0430073905600054
OSD-413,wick,Spaceflight,Bacillota,Bacillus,0.06494979702717182
OSD-413,wick,Spaceflight,Bacillota,Paenibacillus,0.05787394746760015
OSD-413,wick,Spaceflight,Bacillota,Staphylococcus,0.015409359336800743
OSD-413,wick,Spaceflight,Bacteroidota,Chryseobacterium,0.022727655763507236
OSD-413,wick,Spaceflight,Bacteroidota,Flavobacterium,0.039859010557405074
OSD-413,wick,Spaceflight,Pseudomonadota,Acinetobacter,0.06782157383730901
OSD-413,wick,Spaceflight,Pseudomonadota,Burkholderia,0.044061951799815965
OSD-413,wick,Spaceflight,Pseudomonadota,Enterobacter,0.08195624512956293
OSD-413,wick,Spaceflight,Pseudomonadota,Massilia,0.038779957110080386
OSD-413,wick,Spaceflight,Pseudomonadota,Methylobacterium,0.03304377752145203
OSD-413,wick,Spaceflight,Pseudomonadota,Pantoea,0.05055269036345109
OSD-413,wick,Spaceflight,Pseudomonadota,Pseudomonas,0.11673463954965164
OSD-413,wick,Spaceflight,Pseudomonadota,Ralstonia,0.06504433385829797
OSD-413,wick,Spaceflight,Pseudomonadota,Rhizobium,0.02374771296970018
OSD-413,wick,Spaceflight,Pseudomonadota,Sphingomonas,0.03983856902499269
OSD-413,wick,Spaceflight,Pseudomonadota,Stenotrophomonas,0.1160836136655942
OSD-413,wick,Spaceflight,Pseudomonadota,Variovorax,0.04055479788824014
OSD-414,leaf,Ground,Actinomycetota,Curtobacterium,0.07690019024316853
OSD-414,leaf,Ground,Actinomycetota,Cutibacterium,0.04011223141954512
OSD-414,leaf,Ground,Actinomycetota,Streptomyces,0.016612351531420835
OSD-414,leaf,Ground,Bacillota,Bacillus,0.05625841227203541
OSD-414,leaf,Ground,Bacillota,Paenibacillus,0.036567328454402984
OSD-414,leaf,Ground,Bacillota,Staphylococcus,0.03159002924528177
OSD-414,leaf,Ground,Bacteroidota,Chryseobacterium,0.06944507055678492
OSD-414,leaf,Ground,Bacteroidota,Flavobacterium,0.04999511770763966
OSD-414,leaf,Ground,Pseudomonadota,Acinetobacter,0.0464700601311088
OSD-414,leaf,Ground,Pseudomonadota,Burkholderia,0.026150895030916825
OSD-414,leaf,Ground,Pseudomonadota,Enterobacter,0.05052914091695816
OSD-414,leaf,Ground,Pseudomonadota,Massilia,0.0536399279211258
OSD-414,leaf,Ground,Pseudomonadota,Methylobacterium,0.09147727902660817
OSD-414,leaf,Ground,Pseudomonadota,Pantoea,0.060442246172087044
OSD-414,leaf,Ground,Pseudomonadota,Pseudomonas,0.05750411526330619
OSD-414,leaf,Ground,Pseudomonadota,Ralstonia,0.03670601875956734
OSD-414,leaf,Ground,Pseudomonadota,Rhizobium,0.044367018712776166
OSD-414,leaf,Ground,Pseudomonadota,Sphingomonas,0.08146179590275301
OSD-414,leaf,Ground,Pseudomonadota,Stenotrophomonas,0.035945602370727366
OSD-414,leaf,Ground,Pseudomonadota,Variovorax,0.037825168361785885
OSD-414,leaf,Spaceflight,Actinomycetota,Curtobacterium,0.05102291226213538
OSD-414,leaf,Spaceflight,Actinomycetota,Cutibacterium,0.03380052443473554
OSD-414,leaf,Spaceflight,Actinomycetota,Streptomyces,0.02263798100782083
OSD-414,leaf,Spaceflight,Bacillota,Bacillus,0.04056126644956663
OSD-414,leaf,Spaceflight,Bacillota,Paenibacillus,0.02688613626633409
OSD-414,leaf,Spaceflight,Bacillota,Staphylococcus,0.026875300284326754
OSD-414,leaf,Spaceflight,Bacteroidota,Chryseobacterium,0.040221937526722415
OSD-414,leaf,Spaceflight,Bacteroidota,Flavobacterium,0.02673669530793412
OSD-414,leaf,Spaceflight,Pseudomonadota,Acinetobacter,0.07493604685148784
OSD-414,leaf,Spaceflight,Pseudomonadota,Burkholderia,0.038760876971537336
OSD-414,leaf,Spaceflight,Pseudomonadota,Enterobacter,0.06733653725455202
OSD-414,leaf,Spaceflight,Pseudomonadota,Massilia,0.03388175739458953
OSD-414,leaf,Spaceflight,Pseudomonadota,Methylobacterium,0.06828803176116024
OSD-414,leaf,Spaceflight,Pseudomonadota,Pantoea,0.1029052181725276
OSD-414,leaf,Spaceflight,Pseudomonadota,Pseudomonas,0.08463966642630702
OSD-414,leaf,Spaceflight,Pseudomonadota,Ralstonia,0.04102864216201833
OSD-414,leaf,Spaceflight,Pseudomonadota,Rhizobium,0.038249903068015935
OSD-414,leaf,Spaceflight,Pseudomonadota,Sphingomonas,0.06180645366134605
OSD-414,leaf,Spaceflight,Pseudomonadota,Stenotrophomonas,0.09052028222168428
OSD-414,leaf,Spaceflight,Pseudomonadota,Variovorax,0.028903830515198035
OSD-414,root,Ground,Actinomycetota,Curtobacterium,0.04789423872250606
OSD-414,root,Ground,Actinomycetota,Cutibacterium,0.011562026139883733
OSD-414,root,Ground,Actinomycetota,Streptomyces,0.056512357162255465
OSD-414,root,Ground,Bacillota,Bacillus,0.0596841356885799
OSD-414,root,Ground,Bacillota,Paenibacillus,0.06071263580863008
OSD-414,root,Ground,Bacillota,Staphylococcus,0.014379752563811113
OSD-414,root,Ground,Bacteroidota,Chryseobacterium,0.03696588970416888
OSD-414,root,Ground,Bacteroidota,Flavobacterium,0.05698370660231704
OSD-414,root,Ground,Pseudomonadota,Acinetobacter,0.033948999904232086
OSD-414,root,Ground,Pseudomonadota,Burkholderia,0.049912676405383764
OSD-414,root,Ground,Pseudomonadota,Enterobacter,0.057367276275585875
OSD-414,root,Ground,Pseudomonadota,Massilia,0.043366395746372785
OSD-414,root,Ground,Pseudomonadota,Methylobacterium,0.041119827969828944
OSD-414,root,Ground,Pseudomonadota,Pantoea,0.02897158638382265
OSD-414,root,Ground,Pseudomonadota,Pseudomonas,0.07545931068881812
OSD-414,root,Ground,Pseudomonadota,Ralstonia,0.07456478808836906
OSD-414,root,Ground,Pseudomonadota,Rhizobium,0.07340404789759089
OSD-414,root,Ground,Pseudomonadota,Sphingomonas,0.047709077263757935
OSD-414,root,Ground,Pseudomonadota,Stenotrophomonas,0.058264821289675674
OSD-414,root,Ground,Pseudomonadota,Variovorax,0.07121644969440995
OSD-414,root,Spaceflight,Actinomycetota,Curtobacterium,0.028876610089080122
OSD-414,root,Spaceflight,Actinomycetota,Cutibacterium,0.008430451291769848
OSD-414,root,Spaceflight,Actinomycetota,Streptomyces,0.04615044650441348
OSD-414,root,Spaceflight,Bacillota,Bacillus,0.039360520996382084
OSD-414,root,Spaceflight,Bacillota,Paenibacillus,0.041655918911528936
OSD-414,root,Spaceflight,Bacillota,Staphylococcus,0.011382301805065085
OSD-414,root,Spaceflight,Bacteroidota,Chryseobacterium,0.03490095982259871
OSD-414,root,Spaceflight,Bacteroidota,Flavobacterium,0.05215447322198907
OSD-414,root,Spaceflight,Pseudomonadota,Acinetobacter,0.060654226034262335
OSD-414,root,Spaceflight,Pseudomonadota,Burkholderia,0.04414238174817708
OSD-414,root,Spaceflight,Pseudomonadota,Enterobacter,0.06880487780258684
OSD-414,root,Spaceflight,Pseudomonadota,Massilia,0.05041488003689618
OSD-414,root,Spaceflight,Pseudomonadota,Methylobacterium,0.014151739713399548
OSD-414,root,Spaceflight,Pseudomonadota,Pantoea,0.07097539030406136
OSD-414,root,Spaceflight,Pseudomonadota,Pseudomonas,0.12469341038590442
OSD-414,root,Spaceflight,Pseudomonadota,Ralstonia,0.10209948869991148
OSD-414,root,Spaceflight,Pseudomonadota,Rhizobium,0.054204726330676856
OSD-414,root,Spaceflight,Pseudomonadota,Sphingomonas,0.027493942612559052
OSD-414,root,Spaceflight,Pseudomonadota,Stenotrophomonas,0.0764733507579985
OSD-414,root,Spaceflight,Pseudomonadota,Variovorax,0.042979902930739
OSD-414,substrate,Ground,Actinomycetota,Curtobacterium,0.013476527003441685
OSD-414,substrate,Ground,Actinomycetota,Cutibacterium,0.011487940835378374
OSD-414,substrate,Ground,Actinomycetota,Streptomyces,0.08411440195278233
OSD-414,substrate,Ground,Bacillota,Bacillus,0.03310967832565989
OSD-414,substrate,Ground,Bacillota,Paenibacillus,0.04313135784861315
OSD-414,substrate,Ground,Bacillota,Staphylococcus,0.018755638185100662
OSD-414,substrate,Ground,Bacteroidota,Chryseobacterium,0.05403726376418276
OSD-414,substrate,Ground,Bacteroidota,Flavobacterium,0.06362770704511804
OSD-414,substrate,Ground,Pseudomonadota,Acinetobacter,0.027357308695369426
OSD-414,substrate,Ground,Pseudomonadota,Burkholderia,0.05868520798207173
OSD-414,substrate,Ground,Pseudomonadota,Enterobacter,0.028773835952316924
OSD-414,substrate,Ground,Pseudomonadota,Massilia,0.0885235379043621
OSD-414,substrate,Ground,Pseudomonadota,Methylobacterium,0.04724654889345124
OSD-414,substrate,Ground,Pseudomonadota,Pantoea,0.02436781247549844
OSD-414,substrate,Ground,Pseudomonadota,Pseudomonas,0.08118037523583987
OSD-414,substrate,Ground,Pseudomonadota,Ralstonia,0.08481131409493833
OSD-414,substrate,Ground,Pseudomonadota,Rhizobium,0.05699443541913185
OSD-414,substrate,Ground,Pseudomonadota,Sphingomonas,0.02144486286484615
OSD-414,substrate,Ground,Pseudomonadota,Stenotrophomonas,0.09627455207883105
OSD-414,substrate,Ground,Pseudomonadota,Variovorax,0.062599693443066
OSD-414,substrate,Spaceflight,Actinomycetota,Curtobacterium,0.020374856558094883
OSD-414,substrate,Spaceflight,Actinomycetota,Cutibacterium,0.014741708155708858
OSD-414,substrate,Spaceflight,Actinomycetota,Streptomyces,0.037630240775624685
OSD-414,substrate,Spaceflight,Bacillota,Bacillus,0.053269758133572355
OSD-414,substrate,Spaceflight,Bacillota,Paenibacillus,0.043993268340833856
OSD-414,substrate,Spaceflight,Bacillota,Staphylococcus,0.012620478527522775
OSD-414,substrate,Spaceflight,Bacteroidota,Chryseobacterium,0.02374903668611937
OSD-414,substrate,Spaceflight,Bacteroidota,Flavobacterium,0.06345362719741632
OSD-414,substrate,Spaceflight,Pseudomonadota,Acinetobacter,0.08975277971978152
OSD-414,substrate,Spaceflight,Pseudomonadota,Burkholderia,0.04250067883523801
OSD-414,substrate,Spaceflight,Pseudomonadota,Enterobacter,0.06711301831885119
OSD-414,substrate,Spaceflight,Pseudomonadota,Massilia,0.03964292732502446
OSD-414,substrate,Spaceflight,Pseudomonadota,Methylobacterium,0.025911038190295953
OSD-414,substrate,Spaceflight,Pseudomonadota,Pantoea,0.04075974896519206
OSD-414,substrate,Spaceflight,Pseudomonadota,Pseudomonas,0.05561795576365533
OSD-414,substrate,Spaceflight,Pseudomonadota,Ralstonia,0.1076196157861376
OSD-414,substrate,Spaceflight,Pseudomonadota,Rhizobium,0.0577933208120498
OSD-414,substrate,Spaceflight,Pseudomonadota,Sphingomonas,0.020435666173155877
OSD-414,substrate,Spaceflight,Pseudomonadota,Stenotrophomonas,0.10786626561564114
OSD-414,substrate,Spaceflight,Pseudomonadota,Variovorax,0.07515401012008395
OSD-414,swab,Ground,Actinomycetota,Curtobacterium,0.03456992021392112
OSD-414,swab,Ground,Actinomycetota,Cutibacterium,0.14253750824870645
OSD-414,swab,Ground,Actinomycetota,Streptomyces,0.04590424248225321
OSD-414,swab,Ground,Bacillota,Bacillus,0.08840870682053129
OSD-414,swab,Ground,Bacillota,Paenibacillus,0.029907219026088058
OSD-414,swab,Ground,Bacillota,Staphylococcus,0.08428842374210545
OSD-414,swab,Ground,Bacteroidota,Chryseobacterium,0.04690307499234077
OSD-414,swab,Ground,Bacteroidota,Flavobacterium,0.03334544204714533
OSD-414,swab,Ground,Pseudomonadota,Acinetobacter,0.07164159826082434
OSD-414,swab,Ground,Pseudomonadota,Burkholderia,0.011459950018999463
OSD-414,swab,Ground,Pseudomonadota,Enterobacter,0.08674704677505618
OSD-414,swab,Ground,Pseudomonadota,Massilia,0.040578931233404024
OSD-414,swab,Ground,Pseudomonadota,Methylobacterium,0.06721133665642443
OSD-414,swab,Ground,Pseudomonadota,Pantoea,0.02549501589685952
OSD-414,swab,Ground,Pseudomonadota,Pseudomonas,0.01891479288560488
OSD-414,swab,Ground,Pseudomonadota,Ralstonia,0.012556910790556161
OSD-414,swab,Ground,Pseudomonadota,Rhizobium,0.013468900975481691
OSD-414,swab,Ground,Pseudomonadota,Sphingomonas,0.05132480761508964
OSD-414,swab,Ground,Pseudomonadota,Stenotrophomonas,0.07200931015845007
OSD-414,swab,Ground,Pseudomonadota,Variovorax,0.022726861160157926
OSD-414,swab,Spaceflight,Actinomycetota,Curtobacterium,0.042354857283026355
OSD-414,swab,Spaceflight,Actinomycetota,Cutibacterium,0.09366790762934742
OSD-414,swab,Spaceflight,Actinomycetota,Streptomyces,0.022271453357570983
OSD-414,swab,Spaceflight,Bacillota,Bacillus,0.06812889959434051
OSD-414,swab,Spaceflight,Bacillota,Paenibacillus,0.031214212591198148
OSD-414,swab,Spaceflight,Bacillota,Staphylococcus,0.09590223596600324
OSD-414,swab,Spaceflight,Bacteroidota,Chryseobacterium,0.0432699826891352
OSD-414,swab,Spaceflight,Bacteroidota,Flavobacterium,0.03625472469064091
OSD-414,swab,Spaceflight,Pseudomonadota,Acinetobacter,0.09872960555956137
OSD-414,swab,Spaceflight,Pseudomonadota,Burkholderia,0.02001556906841721
OSD-414,swab,Spaceflight,Pseudomonadota,Enterobacter,0.05391404108468263
OSD-414,swab,Spaceflight,Pseudomonadota,Massilia,0.03571793759660399
OSD-414,swab,Spaceflight,Pseudomonadota,Methylobacterium,0.03355652783109626
OSD-414,swab,Spaceflight,Pseudomonadota,Pantoea,0.04608150319889777
OSD-414,swab,Spaceflight,Pseudomonadota,Pseudomonas,0.0553667152021209
OSD-414,swab,Spaceflight,Pseudomonadota,Ralstonia,0.022441935281790698
OSD-414,swab,Spaceflight,Pseudomonadota,Rhizobium,0.0184249283563755
OSD-414,swab,Spaceflight,Pseudomonadota,Sphingomonas,0.06363368660781998
OSD-414,swab,Spaceflight,Pseudomonadota,Stenotrophomonas,0.10470809223919424
OSD-414,swab,Spaceflight,Pseudomonadota,Variovorax,0.01434518417217671
OSD-414,wick,Ground,Actinomycetota,Curtobacterium,0.05172163901136122
OSD-414,wick,Ground,Actinomycetota,Cutibacterium,0.013064761152495673
OSD-414,wick,Ground,Actinomycetota,Streptomyces,0.059460716859652554
OSD-414,wick,Ground,Bacillota,Bacillus,0.030299396684355252
OSD-414,wick,Ground,Bacillota,Paenibacillus,0.04899160113557311
OSD-414,wick,Ground,Bacillota,Staphylococcus,0.027425767734431644
OSD-414,wick,Ground,Bacteroidota,Chryseobacterium,0.07250620328522875
OSD-414,wick,Ground,Bacteroidota,Flavobacterium,0.02754420477273195
OSD-414,wick,Ground,Pseudomonadota,Acinetobacter,0.047228561143687994
OSD-414,wick,Ground,Pseudomonadota,Burkholderia,0.06394838903807808
OSD-414,wick,Ground,Pseudomonadota,Enterobacter,0.07209933834703329
OSD-414,wick,Ground,Pseudomonadota,Massilia,0.04920367599204595
OSD-414,wick,Ground,Pseudomonadota,Methylobacterium,0.03891552135638038
OSD-414,wick,Ground,Pseudomonadota,Pantoea,0.022504618465787524
OSD-414,wick,Ground,Pseudomonadota,Pseudomonas,0.05153259392461729
OSD-414,wick,Ground,Pseudomonadota,Ralstonia,0.09811854296240934
OSD-414,wick,Ground,Pseudomonadota,Rhizobium,0.03764511980386964
OSD-414,wick,Ground,Pseudomonadota,Sphingomonas,0.06562387452635352
OSD-414,wick,Ground,Pseudomonadota,Stenotrophomonas,0.06197961102628756
OSD-414,wick,Ground,Pseudomonadota,Variovorax,0.06018586277761928
OSD-414,wick,Spaceflight,Actinomycetota,Curtobacterium,0.02214875593478521
OSD-414,wick,Spaceflight,Actinomycetota,Cutibacterium,0.0038837263805749666
OSD-414,wick,Spaceflight,Actinomycetota,Streptomyces,0.047241366189191655
OSD-414,wick,Spaceflight,Bacillota,Bacillus,0.03394935683829013
OSD-414,wick,Spaceflight,Bacillota,Paenibacillus,0.030475897706181854
OSD-414,wick,Spaceflight,Bacillota,Staphylococcus,0.029446956744526697
OSD-414,wick,Spaceflight,Bacteroidota,Chryseobacterium,0.04797164417899445
OSD-414,wick,Spaceflight,Bacteroidota,Flavobacterium,0.03713376971395489
OSD-414,wick,Spaceflight,Pseudomonadota,Acinetobacter,0.07663918976393239
OSD-414,wick,Spaceflight,Pseudomonadota,Burkholderia,0.038053359790453586
OSD-414,wick,Spaceflight,Pseudomonadota,Enterobacter,0.10005881701475508
OSD-414,wick,Spaceflight,Pseudomonadota,Massilia,0.057349455785243655
OSD-414,wick,Spaceflight,Pseudomonadota,Methylobacterium,0.03199715300780204
OSD-414,wick,Spaceflight,Pseudomonadota,Pantoea,0.06681885365347158
OSD-414,wick,Spaceflight,Pseudomonadota,Pseudomonas,0.0874037424351701
OSD-414,wick,Spaceflight,Pseudomonadota,Ralstonia,0.07222739322521217
OSD-414,wick,Spaceflight,Pseudomonadota,Rhizobium,0.040962421850945875
OSD-414,wick,Spaceflight,Pseudomonadota,Sphingomonas,0.029483915107854065
OSD-414,wick,Spaceflight,Pseudomonadota,Stenotrophomonas,0.10188971433029452
OSD-414,wick,Spaceflight,Pseudomonadota,Variovorax,0.0448645103483651
OSD-766,fruit,Ground,Actinomycetota,Curtobacterium,0.09672717336892328
OSD-766,fruit,Ground,Actinomycetota,Cutibacterium,0.042606853805372984
OSD-766,fruit,Ground,Actinomycetota,Streptomyces,0.03512298038954413
OSD-766,fruit,Ground,Bacillota,Bacillus,0.07140939463877458
OSD-766,fruit,Ground,Bacillota,Paenibacillus,0.029439447517539873
OSD-766,fruit,Ground,Bacillota,Staphylococcus,0.04554919689117108
OSD-766,fruit,Ground,Bacteroidota,Chryseobacterium,0.0511694720418122
OSD-766,fruit,Ground,Bacteroidota,Flavobacterium,0.032299746693777595
OSD-766,fruit,Ground,Pseudomonadota,Acinetobacter,0.04863752808239114
OSD-766,fruit,Ground,Pseudomonadota,Burkholderia,0.03695165881519187
OSD-766,fruit,Ground,Pseudomonadota,Enterobacter,0.07417420716076165
OSD-766,fruit,Ground,Pseudomonadota,Massilia,0.03240573121130429
OSD-766,fruit,Ground,Pseudomonadota,Methylobacterium,0.05552545126488263
OSD-766,fruit,Ground,Pseudomonadota,Pantoea,0.09000093202067103
OSD-766,fruit,Ground,Pseudomonadota,Pseudomonas,0.036174277568719236
OSD-766,fruit,Ground,Pseudomonadota,Ralstonia,0.02992205041558148
OSD-766,fruit,Ground,Pseudomonadota,Rhizobium,0.04338044973141598
OSD-766,fruit,Ground,Pseudomonadota,Sphingomonas,0.04635933418954827
OSD-766,fruit,Ground,Pseudomonadota,Stenotrophomonas,0.0534463150031554
OSD-766,fruit,Ground,Pseudomonadota,Variovorax,0.04869779918946131
OSD-766,fruit,Spaceflight,Actinomycetota,Curtobacterium,0.06065528435359279
OSD-766,fruit,Spaceflight,Actinomycetota,Cutibacterium,0.02874407824324324
OSD-766,fruit,Spaceflight,Actinomycetota,Streptomyces,0.023995479424586828
OSD-766,fruit,Spaceflight,Bacillota,Bacillus,0.05065036832641301
OSD-766,fruit,Spaceflight,Bacillota,Paenibacillus,0.023407068886005453
OSD-766,fruit,Spaceflight,Bacillota,Staphylococcus,0.02191238325274936
OSD-766,fruit,Spaceflight,Bacteroidota,Chryseobacterium,0.0403300294982655
OSD-766,fruit,Spaceflight,Bacteroidota,Flavobacterium,0.031075341273763216
OSD-766,fruit,Spaceflight,Pseudomonadota,Acinetobacter,0.07276296567404844
OSD-766,fruit,Spaceflight,Pseudomonadota,Burkholderia,0.021088571143429866
OSD-766,fruit,Spaceflight,Pseudomonadota,Enterobacter,0.11208726853836491
OSD-766,fruit,Spaceflight,Pseudomonadota,Massilia,0.03810139208534873
OSD-766,fruit,Spaceflight,Pseudomonadota,Methylobacterium,0.0410846784918393
OSD-766,fruit,Spaceflight,Pseudomonadota,Pantoea,0.12595914682755316
OSD-766,fruit,Spaceflight,Pseudomonadota,Pseudomonas,0.057008043173533675
OSD-766,fruit,Spaceflight,Pseudomonadota,Ralstonia,0.05054008822157809
OSD-766,fruit,Spaceflight,Pseudomonadota,Rhizobium,0.027952330123822613
OSD-766,fruit,Spaceflight,Pseudomonadota,Sphingomonas,0.06304536005025717
OSD-766,fruit,Spaceflight,Pseudomonadota,Stenotrophomonas,0.06534270863507331
OSD-766,fruit,Spaceflight,Pseudomonadota,Variovorax,0.04425741377653135
OSD-766,leaf,Ground,Actinomycetota,Curtobacterium,0.04974064091772248
OSD-766,leaf,Ground,Actinomycetota,Cutibacterium,0.044954988805677526
OSD-766,leaf,Ground,Actinomycetota,Streptomyces,0.04121018194738053
OSD-766,leaf,Ground,Bacillota,Bacillus,0.04931445976691903
OSD-766,leaf,Ground,Bacillota,Paenibacillus,0.03385103659007581
OSD-766,leaf,Ground,Bacillota,Staphylococcus,0.025941035112720074
OSD-766,leaf,Ground,Bacteroidota,Chryseobacterium,0.04996585571821369
OSD-766,leaf,Ground,Bacteroidota,Flavobacterium,0.046754263639453404
OSD-766,leaf,Ground,Pseudomonadota,Acinetobacter,0.06502256457522865
OSD-766,leaf,Ground,Pseudomonadota,Burkholderia,0.03528151253921248
OSD-766,leaf,Ground,Pseudomonadota,Enterobacter,0.05519829997831403
OSD-766,leaf,Ground,Pseudomonadota,Massilia,0.043365627671683955
OSD-766,leaf,Ground,Pseudomonadota,Methylobacterium,0.08952444648763411
OSD-766,leaf,Ground,Pseudomonadota,Pantoea,0.06659246773248766
OSD-766,leaf,Ground,Pseudomonadota,Pseudomonas,0.05190489718728732
OSD-766,leaf,Ground,Pseudomonadota,Ralstonia,0.048656354525713263
OSD-766,leaf,Ground,Pseudomonadota,Rhizobium,0.04280678893729432
OSD-766,leaf,Ground,Pseudomonadota,Sphingomonas,0.08442917770664925
OSD-766,leaf,Ground,Pseudomonadota,Stenotrophomonas,0.034663354541863506
OSD-766,leaf,Ground,Pseudomonadota,Variovorax,0.0408220456184689
OSD-766,leaf,Spaceflight,Actinomycetota,Curtobacterium,0.0486332062308358
OSD-766,leaf,Spaceflight,Actinomycetota,Cutibacterium,0.030735789119688165
OSD-766,leaf,Spaceflight,Actinomycetota,Streptomyces,0.026598526539906985
OSD-766,leaf,Spaceflight,Bacillota,Bacillus,0.050199662677570804
OSD-766,leaf,Spaceflight,Bacillota,Paenibacillus,0.021690197276347974
OSD-766,leaf,Spaceflight,Bacillota,Staphylococcus,0.029083455505505087
OSD-766,leaf,Spaceflight,Bacteroidota,Chryseobacterium,0.0460432897504977
OSD-766,leaf,Spaceflight,Bacteroidota,Flavobacterium,0.030553359243445464
OSD-766,leaf,Spaceflight,Pseudomonadota,Acinetobacter,0.0812889779564398
OSD-766,leaf,Spaceflight,Pseudomonadota,Burkholderia,0.028613188096809173
OSD-766,leaf,Spaceflight,Pseudomonadota,Enterobacter,0.07129337559629359
OSD-766,leaf,Spaceflight,Pseudomonadota,Massilia,0.04629490958960731
OSD-766,leaf,Spaceflight,Pseudomonadota,Methylobacterium,0.06422813079544805
OSD-766,leaf,Spaceflight,Pseudomonadota,Pantoea,0.10815591621807265
OSD-766,leaf,Spaceflight,Pseudomonadota,Pseudomonas,0.07763786338248746
OSD-766,leaf,Spaceflight,Pseudomonadota,Ralstonia,0.05848583623067607
OSD-766,leaf,Spaceflight,Pseudomonadota,Rhizobium,0.018819605091722806
OSD-766,leaf,Spaceflight,Pseudomonadota,Sphingomonas,0.05444989578812702
OSD-766,leaf,Spaceflight,Pseudomonadota,Stenotrophomonas,0.07253220652803022
OSD-766,leaf,Spaceflight,Pseudomonadota,Variovorax,0.034662608382487865
OSD-766,root,Ground,Actinomycetota,Curtobacterium,0.02921293514107739
OSD-766,root,Ground,Actinomycetota,Cutibacterium,0.01753949850025543
OSD-766,root,Ground,Actinomycetota,Streptomyces,0.03418822855575086
OSD-766,root,Ground,Bacillota,Bacillus,0.04602042407198703
OSD-766,root,Ground,Bacillota,Paenibacillus,0.061347662401156126
OSD-766,root,Ground,Bacillota,Staphylococcus,0.015428656173451176
OSD-766,root,Ground,Bacteroidota,Chryseobacterium,0.059777505320422426
OSD-766,root,Ground,Bacteroidota,Flavobacterium,0.05739769654433722
OSD-766,root,Ground,Pseudomonadota,Acinetobacter,0.03982824818094108
OSD-766,root,Ground,Pseudomonadota,Burkholderia,0.09592707815920613
OSD-766,root,Ground,Pseudomonadota,Enterobacter,0.06252597365982439
OSD-766,root,Ground,Pseudomonadota,Massilia,0.048042540928656556
OSD-766,root,Ground,Pseudomonadota,Methylobacterium,0.025637812875749344
OSD-766,root,Ground,Pseudomonadota,Pantoea,0.040939604166121364
OSD-766,root,Ground,Pseudomonadota,Pseudomonas,0.0635172475417156
OSD-766,root,Ground,Pseudomonadota,Ralstonia,0.0661441190297989
OSD-766,root,Ground,Pseudomonadota,Rhizobium,0.07786104371789669
OSD-766,root,Ground,Pseudomonadota,Sphingomonas,0.04380859477902878
OSD-766,root,Ground,Pseudomonadota,Stenotrophomonas,0.05896493004790186
OSD-766,root,Ground,Pseudomonadota,Variovorax,0.05589020020472162
OSD-766,root,Spaceflight,Actinomycetota,Curtobacterium,0.025121342678220714
OSD-766,root,Spaceflight,Actinomycetota,Cutibacterium,0.010250082984138022
OSD-766,root,Spaceflight,Actinomycetota,Streptomyces,0.0412176268966023
OSD-766,root,Spaceflight,Bacillota,Bacillus,0.044397685952877
OSD-766,root,Spaceflight,Bacillota,Paenibacillus,0.050220444152908814
OSD-766,root,Spaceflight,Bacillota,Staphylococcus,0.010450680386014159
OSD-766,root,Spaceflight,Bacteroidota,Chryseobacterium,0.03048912590794079
OSD-766,root,Spaceflight,Bacteroidota,Flavobacterium,0.0416372235565489
OSD-766,root,Spaceflight,Pseudomonadota,Acinetobacter,0.04516804553463598
OSD-766,root,Spaceflight,Pseudomonadota,Burkholderia,0.058212268033238826
OSD-766,root,Spaceflight,Pseudomonadota,Enterobacter,0.09904013339700787
OSD-766,root,Spaceflight,Pseudomonadota,Massilia,0.0467882211367452
OSD-766,root,Spaceflight,Pseudomonadota,Methylobacterium,0.01891379568919848
OSD-766,root,Spaceflight,Pseudomonadota,Pantoea,0.058222306667007354
OSD-766,root,Spaceflight,Pseudomonadota,Pseudomonas,0.08906756014024272
OSD-766,root,Spaceflight,Pseudomonadota,Ralstonia,0.12874011759618273
OSD-766,root,Spaceflight,Pseudomonadota,Rhizobium,0.054249879011782035
OSD-766,root,Spaceflight,Pseudomonadota,Sphingomonas,0.03149031461302904
OSD-766,root,Spaceflight,Pseudomonadota,Stenotrophomonas,0.07434795734542385
OSD-766,root,Spaceflight,Pseudomonadota,Variovorax,0.041975188320255236
OSD-766,substrate,Ground,Actinomycetota,Curtobacterium,0.027248178327244948
OSD-766,substrate,Ground,Actinomycetota,Cutibacterium,0.016274983210844928
OSD-766,substrate,Ground,Actinomycetota,Streptomyces,0.058238035072730274
OSD-766,substrate,Ground,Bacillota,Bacillus,0.06574996744816383
OSD-766,substrate,Ground,Bacillota,Paenibacillus,0.0737191100993967
OSD-766,substrate,Ground,Bacillota,Staphylococcus,0.020120335802202106
OSD-766,substrate,Ground,Bacteroidota,Chryseobacterium,0.044133888406221886
OSD-766,substrate,Ground,Bacteroidota,Flavobacterium,0.07449861571383087
OSD-766,substrate,Ground,Pseudomonadota,Acinetobacter,0.027682679958780054
OSD-766,substrate,Ground,Pseudomonadota,Burkholderia,0.057528940272070894
OSD-766,substrate,Ground,Pseudomonadota,Enterobacter,0.0367805241364758
OSD-766,substrate,Ground,Pseudomonadota,Massilia,0.06509025923797725
OSD-766,substrate,Ground,Pseudomonadota,Methylobacterium,0.03135238788458015
OSD-766,substrate,Ground,Pseudomonadota,Pantoea,0.0313123628941845
OSD-766,substrate,Ground,Pseudomonadota,Pseudomonas,0.06573597899373335
OSD-766,substrate,Ground,Pseudomonadota,Ralstonia,0.07014912851065812
OSD-766,substrate,Ground,Pseudomonadota,Rhizobium,0.0601921485647943
OSD-766,substrate,Ground,Pseudomonadota,Sphingomonas,0.05877675549785475
OSD-766,substrate,Ground,Pseudomonadota,Stenotrophomonas,0.043694406372979736
OSD-766,substrate,Ground,Pseudomonadota,Variovorax,0.07172131359527556
OSD-766,substrate,Spaceflight,Actinomycetota,Curtobacterium,0.02460051353602267
OSD-766,substrate,Spaceflight,Actinomycetota,Cutibacterium,0.010167400987056728
OSD-766,substrate,Spaceflight,Actinomycetota,Streptomyces,0.05040648610503438
OSD-766,substrate,Spaceflight,Bacillota,Bacillus,0.062337980145249515
OSD-766,substrate,Spaceflight,Bacillota,Paenibacillus,0.03640418152352528
OSD-766,substrate,Spaceflight,Bacillota,Staphylococcus,0.021063747506174513
OSD-766,substrate,Spaceflight,Bacteroidota,Chryseobacterium,0.044457526844617026
OSD-766,substrate,Spaceflight,Bacteroidota,Flavobacterium,0.05030456333705561
OSD-766,substrate,Spaceflight,Pseudomonadota,Acinetobacter,0.08761255343740551
OSD-766,substrate,Spaceflight,Pseudomonadota,Burkholderia,0.039853013379702096
OSD-766,substrate,Spaceflight,Pseudomonadota,Enterobacter,0.061338334006042314
OSD-766,substrate,Spaceflight,Pseudomonadota,Massilia,0.039974688837708314
OSD-766,substrate,Spaceflight,Pseudomonadota,Methylobacterium,0.016796311709413342
OSD-766,substrate,Spaceflight,Pseudomonadota,Pantoea,0.04472576233066099
OSD-766,substrate,Spaceflight,Pseudomonadota,Pseudomonas,0.08879967236360435
OSD-766,substrate,Spaceflight,Pseudomonadota,Ralstonia,0.10288730666478232
OSD-766,substrate,Spaceflight,Pseudomonadota,Rhizobium,0.04831319861722368
OSD-766,substrate,Spaceflight,Pseudomonadota,Sphingomonas,0.04951974946794184
OSD-766,substrate,Spaceflight,Pseudomonadota,Stenotrophomonas,0.07906232717958911
OSD-766,substrate,Spaceflight,Pseudomonadota,Variovorax,0.04137468202119042
OSD-766,swab,Ground,Actinomycetota,Curtobacterium,0.036563351929600224
OSD-766,swab,Ground,Actinomycetota,Cutibacterium,0.10275222138037507
OSD-766,swab,Ground,Actinomycetota,Streptomyces,0.03756787918446362
OSD-766,swab,Ground,Bacillota,Bacillus,0.06456187193098198
OSD-766,swab,Ground,Bacillota,Paenibacillus,0.05462459090564076
OSD-766,swab,Ground,Bacillota,Staphylococcus,0.12658041212563662
OSD-766,swab,Ground,Bacteroidota,Chryseobacterium,0.058536378991393634
OSD-766,swab,Ground,Bacteroidota,Flavobacterium,0.04170191068649895
OSD-766,swab,Ground,Pseudomonadota,Acinetobacter,0.06859005166978102
OSD-766,swab,Ground,Pseudomonadota,Burkholderia,0.028187525842334894
OSD-766,swab,Ground,Pseudomonadota,Enterobacter,0.07329816058051605
OSD-766,swab,Ground,Pseudomonadota,Massilia,0.032892404370797004
OSD-766,swab,Ground,Pseudomonadota,Methylobacterium,0.04107146049538539
OSD-766,swab,Ground,Pseudomonadota,Pantoea,0.046351290986362814
OSD-766,swab,Ground,Pseudomonadota,Pseudomonas,0.056790492344046165
OSD-766,swab,Ground,Pseudomonadota,Ralstonia,0.016553820708118783
OSD-766,swab,Ground,Pseudomonadota,Rhizobium,0.01965901963585028
OSD-766,swab,Ground,Pseudomonadota,Sphingomonas,0.0346216300828386
OSD-766,swab,Ground,Pseudomonadota,Stenotrophomonas,0.04348028184709428
OSD-766,swab,Ground,Pseudomonadota,Variovorax,0.015615244302283855
OSD-766,swab,Spaceflight,Actinomycetota,Curtobacterium,0.0222069822610143
OSD-766,swab,Spaceflight,Actinomycetota,Cutibacterium,0.0837608083563959
OSD-766,swab,Spaceflight,Actinomycetota,Streptomyces,0.041922156000523854
OSD-766,swab,Spaceflight,Bacillota,Bacillus,0.05344026913888174
OSD-766,swab,Spaceflight,Bacillota,Paenibacillus,0.025673946976027328
OSD-766,swab,Spaceflight,Bacillota,Staphylococcus,0.07972440539707007
OSD-766,swab,Spaceflight,Bacteroidota,Chryseobacterium,0.03583951301822979
OSD-766,swab,Spaceflight,Bacteroidota,Flavobacterium,0.03410904928290785
OSD-766,swab,Spaceflight,Pseudomonadota,Acinetobacter,0.11534421414058169
OSD-766,swab,Spaceflight,Pseudomonadota,Burkholderia,0.022270605856868346
OSD-766,swab,Spaceflight,Pseudomonadota,Enterobacter,0.09609042042036718
OSD-766,swab,Spaceflight,Pseudomonadota,Massilia,0.037978340487411014
OSD-766,swab,Spaceflight,Pseudomonadota,Methylobacterium,0.03749868409369636
OSD-766,swab,Spaceflight,Pseudomonadota,Pantoea,0.06921865885677243
OSD-766,swab,Spaceflight,Pseudomonadota,Pseudomonas,0.04839452984032162
OSD-766,swab,Spaceflight,Pseudomonadota,Ralstonia,0.028892004931509653
OSD-766,swab,Spaceflight,Pseudomonadota,Rhizobium,0.025378931611381873
OSD-766,swab,Spaceflight,Pseudomonadota,Sphingomonas,0.024268313610588073
OSD-766,swab,Spaceflight,Pseudomonadota,Stenotrophomonas,0.10673623190451445
OSD-766,swab,Spaceflight,Pseudomonadota,Variovorax,0.0112519338149365
OSD-766,water,Ground,Actinomycetota,Curtobacterium,0.019686944714249952
OSD-766,water,Ground,Actinomycetota,Cutibacterium,0.034351746273753224
OSD-766,water,Ground,Actinomycetota,Streptomyces,0.02359020421186568
OSD-766,water,Ground,Bacillota,Bacillus,0.04583114641446283
OSD-766,water,Ground,Bacillota,Paenibacillus,0.011134647853719464
OSD-766,water,Ground,Bacillota,Staphylococcus,0.034584591335962776
OSD-766,water,Ground,Bacteroidota,Chryseobacterium,0.05879399795989402
OSD-766,water,Ground,Bacteroidota,Flavobacterium,0.10167964057335599
OSD-766,water,Ground,Pseudomonadota,Acinetobacter,0.06677500987379525
OSD-766,water,Ground,Pseudomonadota,Burkholderia,0.032157095805989896
OSD-766,water,Ground,Pseudomonadota,Enterobacter,0.07776945235203972
OSD-766,water,Ground,Pseudomonadota,Massilia,0.029839737207579743
OSD-766,water,Ground,Pseudomonadota,Methylobacterium,0.034356519810060555
OSD-766,water,Ground,Pseudomonadota,Pantoea,0.0482521277470932
OSD-766,water,Ground,Pseudomonadota,Pseudomonas,0.07481066637839381
OSD-766,water,Ground,Pseudomonadota,Ralstonia,0.07245145514395195
OSD-766,water,Ground,Pseudomonadota,Rhizobium,0.0323473827741889
OSD-766,water,Ground,Pseudomonadota,Sphingomonas,0.07473117898946503
OSD-766,water,Ground,Pseudomonadota,Stenotrophomonas,0.057695360795353465
OSD-766,water,Ground,Pseudomonadota,Variovorax,0.06916109378482453
OSD-766,water,Spaceflight,Actinomycetota,Curtobacterium,0.011971665387917966
OSD-766,water,Spaceflight,Actinomycetota,Cutibacterium,0.00834617781352471
OSD-766,water,Spaceflight,Actinomycetota,Streptomyces,0.0178602900307318
OSD-766,water,Spaceflight,Bacillota,Bacillus,0.027700837179229464
OSD-766,water,Spaceflight,Bacillota,Paenibacillus,0.016867641048141133
OSD-766,water,Spaceflight,Bacillota,Staphylococcus,0.040721761303635313
OSD-766,water,Spaceflight,Bacteroidota,Chryseobacterium,0.05169630137041711
OSD-766,water,Spaceflight,Bacteroidota,Flavobacterium,0.05211862959367565
OSD-766,water,Spaceflight,Pseudomonadota,Acinetobacter,0.12300526703858623
OSD-766,water,Spaceflight,Pseudomonadota,Burkholderia,0.03213648086572762
OSD-766,water,Spaceflight,Pseudomonadota,Enterobacter,0.09882625638534431
OSD-766,water,Spaceflight,Pseudomonadota,Massilia,0.03513881045098502
OSD-766,water,Spaceflight,Pseudomonadota,Methylobacterium,0.02361446513531102
OSD-766,water,Spaceflight,Pseudomonadota,Pantoea,0.04820986671990921
OSD-766,water,Spaceflight,Pseudomonadota,Pseudomonas,0.134643377079694
OSD-766,water,Spaceflight,Pseudomonadota,Ralstonia,0.09270159165103438
OSD-766,water,Spaceflight,Pseudomonadota,Rhizobium,0.02307779770895569
OSD-766,water,Spaceflight,Pseudomonadota,Sphingomonas,0.023788185164731013
OSD-766,water,Spaceflight,Pseudomonadota,Stenotrophomonas,0.08700579516964821
OSD-766,water,Spaceflight,Pseudomonadota,Variovorax,0.05056880290280015
OSD-766,wick,Ground,Actinomycetota,Curtobacterium,0.03606244297528561
OSD-766,wick,Ground,Actinomycetota,Cutibacterium,0.0259503887257243
OSD-766,wick,Ground,Actinomycetota,Streptomyces,0.051965013117670385
OSD-766,wick,Ground,Bacillota,Bacillus,0.0558110494486533
OSD-766,wick,Ground,Bacillota,Paenibacillus,0.046257778946466016
OSD-766,wick,Ground,Bacillota,Staphylococcus,0.037055129968200276
OSD-766,wick,Ground,Bacteroidota,Chryseobacterium,0.03695758297346983
OSD-766,wick,Ground,Bacteroidota,Flavobacterium,0.041453981464187065
OSD-766,wick,Ground,Pseudomonadota,Acinetobacter,0.05955956758308904
OSD-766,wick,Ground,Pseudomonadota,Burkholderia,0.05157869577415584
OSD-766,wick,Ground,Pseudomonadota,Enterobacter,0.04838275278933695
OSD-766,wick,Ground,Pseudomonadota,Massilia,0.06883186948684411
OSD-766,wick,Ground,Pseudomonadota,Methylobacterium,0.04694192495319493
OSD-766,wick,Ground,Pseudomonadota,Pantoea,0.04422214375302507
OSD-766,wick,Ground,Pseudomonadota,Pseudomonas,0.05984518604313476
OSD-766,wick,Ground,Pseudomonadota,Ralstonia,0.0675682937473282
OSD-766,wick,Ground,Pseudomonadota,Rhizobium,0.03941525660058715
OSD-766,wick,Ground,Pseudomonadota,Sphingomonas,0.06309201129249284
OSD-766,wick,Ground,Pseudomonadota,Stenotrophomonas,0.06838971464472923
OSD-766,wick,Ground,Pseudomonadota,Variovorax,0.050659215712425085
OSD-766,wick,Spaceflight,Actinomycetota,Curtobacterium,0.024349607539754882
OSD-766,wick,Spaceflight,Actinomycetota,Cutibacterium,0.011505198054180325
OSD-766,wick,Spaceflight,Actinomycetota,Streptomyces,0.04162758501755647
OSD-766,wick,Spaceflight,Bacillota,Bacillus,0.043329510607274024
OSD-766,wick,Spaceflight,Bacillota,Paenibacillus,0.048271037151962626
OSD-766,wick,Spaceflight,Bacillota,Staphylococcus,0.02908463118737715
OSD-766,wick,Spaceflight,Bacteroidota,Chryseobacterium,0.04030071618816325
OSD-766,wick,Spaceflight,Bacteroidota,Flavobacterium,0.04155465743449514
OSD-766,wick,Spaceflight,Pseudomonadota,Acinetobacter,0.0728309309666033
OSD-766,wick,Spaceflight,Pseudomonadota,Burkholderia,0.03197922664863901
OSD-766,wick,Spaceflight,Pseudomonadota,Enterobacter,0.07689259097359308
OSD-766,wick,Spaceflight,Pseudomonadota,Massilia,0.03836452469661569
OSD-766,wick,Spaceflight,Pseudomonadota,Methylobacterium,0.023882703132832493
OSD-766,wick,Spaceflight,Pseudomonadota,Pantoea,0.059084797611470154
OSD-766,wick,Spaceflight,Pseudomonadota,Pseudomonas,0.10070262964451013
OSD-766,wick,Spaceflight,Pseudomonadota,Ralstonia,0.09921624153560017
OSD-766,wick,Spaceflight,Pseudomonadota,Rhizobium,0.03321847376207151
OSD-766,wick,Spaceflight,Pseudomonadota,Sphingomonas,0.04084274290485779
OSD-766,wick,Spaceflight,Pseudomonadota,Stenotrophomonas,0.10271843931404616
OSD-766,wick,Spaceflight,Pseudomonadota,Variovorax,0.04024375562839663
OSD-772,fruit,Ground,Actinomycetota,Curtobacterium,0.05846691471011392
OSD-772,fruit,Ground,Actinomycetota,Cutibacterium,0.052233898639136425
OSD-772,fruit,Ground,Actinomycetota,Streptomyces,0.0464578904782958
OSD-772,fruit,Ground,Bacillota,Bacillus,0.054164209531760495
OSD-772,fruit,Ground,Bacillota,Paenibacillus,0.04844045076553308
OSD-772,fruit,Ground,Bacillota,Staphylococcus,0.04464221562180198
OSD-772,fruit,Ground,Bacteroidota,Chryseobacterium,0.05095217317149228
OSD-772,fruit,Ground,Bacteroidota,Flavobacterium,0.04854438080051883
OSD-772,fruit,Ground,Pseudomonadota,Acinetobacter,0.05124679522818875
OSD-772,fruit,Ground,Pseudomonadota,Burkholderia,0.028885688038625092
OSD-772,fruit,Ground,Pseudomonadota,Enterobacter,0.0808107142662659
OSD-772,fruit,Ground,Pseudomonadota,Massilia,0.03292791974656015
OSD-772,fruit,Ground,Pseudomonadota,Methylobacterium,0.04702716748851739
OSD-772,fruit,Ground,Pseudomonadota,Pantoea,0.08252921983738944
OSD-772,fruit,Ground,Pseudomonadota,Pseudomonas,0.03769697917426466
OSD-772,fruit,Ground,Pseudomonadota,Ralstonia,0.02951077987148389
OSD-772,fruit,Ground,Pseudomonadota,Rhizobium,0.04140492811784334
OSD-772,fruit,Ground,Pseudomonadota,Sphingomonas,0.07757525404968837
OSD-772,fruit,Ground,Pseudomonadota,Stenotrophomonas,0.04386605929437756
OSD-772,fruit,Ground,Pseudomonadota,Variovorax,0.04261636116814267
OSD-772,fruit,Spaceflight,Actinomycetota,Curtobacterium,0.049525589709828184
OSD-772,fruit,Spaceflight,Actinomycetota,Cutibacterium,0.024463120517538413
OSD-772,fruit,Spaceflight,Actinomycetota,Streptomyces,0.03352622839659493
OSD-772,fruit,Spaceflight,Bacillota,Bacillus,0.050231702274517495
OSD-772,fruit,Spaceflight,Bacillota,Paenibacillus,0.02738169032629975
OSD-772,fruit,Spaceflight,Bacillota,Staphylococcus,0.02113332500243183
OSD-772,fruit,Spaceflight,Bacteroidota,Chryseobacterium,0.03612291146551894
OSD-772,fruit,Spaceflight,Bacteroidota,Flavobacterium,0.03534312917502005
OSD-772,fruit,Spaceflight,Pseudomonadota,Acinetobacter,0.07985383090322248
OSD-772,fruit,Spaceflight,Pseudomonadota,Burkholderia,0.026597932400754552
OSD-772,fruit,Spaceflight,Pseudomonadota,Enterobacter,0.11770556035389457
OSD-772,fruit,Spaceflight,Pseudomonadota,Massilia,0.028535616361896787
OSD-772,fruit,Spaceflight,Pseudomonadota,Methylobacterium,0.02630722049141749
OSD-772,fruit,Spaceflight,Pseudomonadota,Pantoea,0.12398102541726017
OSD-772,fruit,Spaceflight,Pseudomonadota,Pseudomonas,0.061958032083311576
OSD-772,fruit,Spaceflight,Pseudomonadota,Ralstonia,0.04390868973439495
OSD-772,fruit,Spaceflight,Pseudomonadota,Rhizobium,0.03968289600635728
OSD-772,fruit,Spaceflight,Pseudomonadota,Sphingomonas,0.04817460736561578
OSD-772,fruit,Spaceflight,Pseudomonadota,Stenotrophomonas,0.08563809452027273
OSD-772,fruit,Spaceflight,Pseudomonadota,Variovorax,0.03992879749385205
OSD-772,leaf,Ground,Actinomycetota,Curtobacterium,0.07961145407714308
OSD-772,leaf,Ground,Actinomycetota,Cutibacterium,0.03277798498776084
OSD-772,leaf,Ground,Actinomycetota,Streptomyces,0.028011024207938558
OSD-772,leaf,Ground,Bacillota,Bacillus,0.03314265697252073
OSD-772,leaf,Ground,Bacillota,Paenibacillus,0.04008146410753004
OSD-772,leaf,Ground,Bacillota,Staphylococcus,0.03163506157633053
OSD-772,leaf,Ground,Bacteroidota,Chryseobacterium,0.06550313412081374
OSD-772,leaf,Ground,Bacteroidota,Flavobacterium,0.047920734492406206
OSD-772,leaf,Ground,Pseudomonadota,Acinetobacter,0.052965070813451455
OSD-772,leaf,Ground,Pseudomonadota,Burkholderia,0.027727295344479354
OSD-772,leaf,Ground,Pseudomonadota,Enterobacter,0.052543755924056565
OSD-772,leaf,Ground,Pseudomonadota,Massilia,0.04250703683890583
OSD-772,leaf,Ground,Pseudomonadota,Methylobacterium,0.09726492321290868
OSD-772,leaf,Ground,Pseudomonadota,Pantoea,0.05617434176112579
OSD-772,leaf,Ground,Pseudomonadota,Pseudomonas,0.06049963614722361
OSD-772,leaf,Ground,Pseudomonadota,Ralstonia,0.05339981321232817
OSD-772,leaf,Ground,Pseudomonadota,Rhizobium,0.030532503173532326
OSD-772,leaf,Ground,Pseudomonadota,Sphingomonas,0.09797687919996334
OSD-772,leaf,Ground,Pseudomonadota,Stenotrophomonas,0.04042418310181817
OSD-772,leaf,Ground,Pseudomonadota,Variovorax,0.02930104672776296
OSD-772,leaf,Spaceflight,Actinomycetota,Curtobacterium,0.05204106662897986
OSD-772,leaf,Spaceflight,Actinomycetota,Cutibacterium,0.025627619549532493
OSD-772,leaf,Spaceflight,Actinomycetota,Streptomyces,0.02567736707835385
OSD-772,leaf,Spaceflight,Bacillota,Bacillus,0.030016914128800337
OSD-772,leaf,Spaceflight,Bacillota,Paenibacillus,0.039106087509482156
OSD-772,leaf,Spaceflight,Bacillota,Staphylococcus,0.019609709947230183
OSD-772,leaf,Spaceflight,Bacteroidota,Chryseobacterium,0.044846563914065204
OSD-772,leaf,Spaceflight,Bacteroidota,Flavobacterium,0.04466092313825222
OSD-772,leaf,Spaceflight,Pseudomonadota,Acinetobacter,0.09184649283843054
OSD-772,leaf,Spaceflight,Pseudomonadota,Burkholderia,0.03579736185745765
OSD-772,leaf,Spaceflight,Pseudomonadota,Enterobacter,0.05605910512403854
OSD-772,leaf,Spaceflight,Pseudomonadota,Massilia,0.03536349724525699
OSD-772,leaf,Spaceflight,Pseudomonadota,Methylobacterium,0.06831191670917454
OSD-772,leaf,Spaceflight,Pseudomonadota,Pantoea,0.10483662988410325
OSD-772,leaf,Spaceflight,Pseudomonadota,Pseudomonas,0.08673484157466402
OSD-772,leaf,Spaceflight,Pseudomonadota,Ralstonia,0.04730883361207168
OSD-772,leaf,Spaceflight,Pseudomonadota,Rhizobium,0.014941861487128944
OSD-772,leaf,Spaceflight,Pseudomonadota,Sphingomonas,0.05580087731733115
OSD-772,leaf,Spaceflight,Pseudomonadota,Stenotrophomonas,0.08083323064781112
OSD-772,leaf,Spaceflight,Pseudomonadota,Variovorax,0.04057909980783527
OSD-772,root,Ground,Actinomycetota,Curtobacterium,0.04653559914183718
OSD-772,root,Ground,Actinomycetota,Cutibacterium,0.028539926114904007
OSD-772,root,Ground,Actinomycetota,Streptomyces,0.05464003842898883
OSD-772,root,Ground,Bacillota,Bacillus,0.05959888927385294
OSD-772,root,Ground,Bacillota,Paenibacillus,0.04390204947660597
OSD-772,root,Ground,Bacillota,Staphylococcus,0.017960055500713917
OSD-772,root,Ground,Bacteroidota,Chryseobacterium,0.06459167523142731
OSD-772,root,Ground,Bacteroidota,Flavobacterium,0.055948856290889616
OSD-772,root,Ground,Pseudomonadota,Acinetobacter,0.03485987442590941
OSD-772,root,Ground,Pseudomonadota,Burkholderia,0.0693172960693577
OSD-772,root,Ground,Pseudomonadota,Enterobacter,0.052757753060486925
OSD-772,root,Ground,Pseudomonadota,Massilia,0.06139663987867189
OSD-772,root,Ground,Pseudomonadota,Methylobacterium,0.01976145656256942
OSD-772,root,Ground,Pseudomonadota,Pantoea,0.04387876797632694
OSD-772,root,Ground,Pseudomonadota,Pseudomonas,0.07593359224278032
OSD-772,root,Ground,Pseudomonadota,Ralstonia,0.056813565644782515
OSD-772,root,Ground,Pseudomonadota,Rhizobium,0.06493458273681794
OSD-772,root,Ground,Pseudomonadota,Sphingomonas,0.05770394085216328
OSD-772,root,Ground,Pseudomonadota,Stenotrophomonas,0.04479999345840914
OSD-772,root,Ground,Pseudomonadota,Variovorax,0.046125447632504736
OSD-772,root,Spaceflight,Actinomycetota,Curtobacterium,0.02327006617986629
OSD-772,root,Spaceflight,Actinomycetota,Cutibacterium,0.012779654192810255
OSD-772,root,Spaceflight,Actinomycetota,Streptomyces,0.046905986667431634
OSD-772,root,Spaceflight,Bacillota,Bacillus,0.0485958730256805
OSD-772,root,Spaceflight,Bacillota,Paenibacillus,0.046119107228081074
OSD-772,root,Spaceflight,Bacillota,Staphylococcus,0.014528509191914916
OSD-772,root,Spaceflight,Bacteroidota,Chryseobacterium,0.04177926263633144
OSD-772,root,Spaceflight,Bacteroidota,Flavobacterium,0.04637430698048615
OSD-772,root,Spaceflight,Pseudomonadota,Acinetobacter,0.06443505473657435
OSD-772,root,Spaceflight,Pseudomonadota,Burkholderia,0.048611812795562676
OSD-772,root,Spaceflight,Pseudomonadota,Enterobacter,0.08308540244082036
OSD-772,root,Spaceflight,Pseudomonadota,Massilia,0.03756148299366011
OSD-772,root,Spaceflight,Pseudomonadota,Methylobacterium,0.03301629444260243
OSD-772,root,Spaceflight,Pseudomonadota,Pantoea,0.06500239778582545
OSD-772,root,Spaceflight,Pseudomonadota,Pseudomonas,0.11101675190917969
OSD-772,root,Spaceflight,Pseudomonadota,Ralstonia,0.0868827855539447
OSD-772,root,Spaceflight,Pseudomonadota,Rhizobium,0.04517609304675359
OSD-772,root,Spaceflight,Pseudomonadota,Sphingomonas,0.026279326708375603
OSD-772,root,Spaceflight,Pseudomonadota,Stenotrophomonas,0.0830901396408868
OSD-772,root,Spaceflight,Pseudomonadota,Variovorax,0.03548969184321201
OSD-772,substrate,Ground,Actinomycetota,Curtobacterium,0.03218284504470719
OSD-772,substrate,Ground,Actinomycetota,Cutibacterium,0.026148433455482428
OSD-772,substrate,Ground,Actinomycetota,Streptomyces,0.05345734081510632
OSD-772,substrate,Ground,Bacillota,Bacillus,0.041402254464478684
OSD-772,substrate,Ground,Bacillota,Paenibacillus,0.04430198962057258
OSD-772,substrate,Ground,Bacillota,Staphylococcus,0.009655443107532986
OSD-772,substrate,Ground,Bacteroidota,Chryseobacterium,0.04730713092309104
OSD-772,substrate,Ground,Bacteroidota,Flavobacterium,0.06250436005629331
OSD-772,substrate,Ground,Pseudomonadota,Acinetobacter,0.03036206966755662
OSD-772,substrate,Ground,Pseudomonadota,Burkholderia,0.07098691075590137
OSD-772,substrate,Ground,Pseudomonadota,Enterobacter,0.05527714786307418
OSD-772,substrate,Ground,Pseudomonadota,Massilia,0.05923588059198616
OSD-772,substrate,Ground,Pseudomonadota,Methylobacterium,0.02931071768602893
OSD-772,substrate,Ground,Pseudomonadota,Pantoea,0.044877374241903224
OSD-772,substrate,Ground,Pseudomonadota,Pseudomonas,0.09483733494195493
OSD-772,substrate,Ground,Pseudomonadota,Ralstonia,0.081393071907764
OSD-772,substrate,Ground,Pseudomonadota,Rhizobium,0.05531023486950143
OSD-772,substrate,Ground,Pseudomonadota,Sphingomonas,0.04564075610553141
OSD-772,substrate,Ground,Pseudomonadota,Stenotrophomonas,0.04520333872679143
OSD-772,substrate,Ground,Pseudomonadota,Variovorax,0.07060536515474179
OSD-772,substrate,Spaceflight,Actinomycetota,Curtobacterium,0.020229674445682973
OSD-772,substrate,Spaceflight,Actinomycetota,Cutibacterium,0.006557495987055154
OSD-772,substrate,Spaceflight,Actinomycetota,Streptomyces,0.048093519700854556
OSD-772,substrate,Spaceflight,Bacillota,Bacillus,0.04048109155055997
OSD-772,substrate,Spaceflight,Bacillota,Paenibacillus,0.053169063548205095
OSD-772,substrate,Spaceflight,Bacillota,Staphylococcus,0.009655343978514724
OSD-772,substrate,Spaceflight,Bacteroidota,Chryseobacterium,0.04186224047422442
OSD-772,substrate,Spaceflight,Bacteroidota,Flavobacterium,0.057756275229808085
OSD-772,substrate,Spaceflight,Pseudomonadota,Acinetobacter,0.0632429691948716
OSD-772,substrate,Spaceflight,Pseudomonadota,Burkholderia,0.03627514319321967
OSD-772,substrate,Spaceflight,Pseudomonadota,Enterobacter,0.062257019109135094
OSD-772,substrate,Spaceflight,Pseudomonadota,Massilia,0.044732300778017514
OSD-772,substrate,Spaceflight,Pseudomonadota,Methylobacterium,0.034219753201489095
OSD-772,substrate,Spaceflight,Pseudomonadota,Pantoea,0.03657736662156825
OSD-772,substrate,Spaceflight,Pseudomonadota,Pseudomonas,0.12212232523347427
OSD-772,substrate,Spaceflight,Pseudomonadota,Ralstonia,0.10708662097613005
OSD-772,substrate,Spaceflight,Pseudomonadota,Rhizobium,0.03893048802997398
OSD-772,substrate,Spaceflight,Pseudomonadota,Sphingomonas,0.03125432992617525
OSD-772,substrate,Spaceflight,Pseudomonadota,Stenotrophomonas,0.08834641800815456
OSD-772,substrate,Spaceflight,Pseudomonadota,Variovorax,0.05822337681049846
OSD-772,swab,Ground,Actinomycetota,Curtobacterium,0.033900722052738
OSD-772,swab,Ground,Actinomycetota,Cutibacterium,0.09643515793370942
OSD-772,swab,Ground,Actinomycetota,Streptomyces,0.04573552211464803
OSD-772,swab,Ground,Bacillota,Bacillus,0.047208535657143065
OSD-772,swab,Ground,Bacillota,Paenibacillus,0.054926253919460086
OSD-772,swab,Ground,Bacillota,Staphylococcus,0.10665231847129945
OSD-772,swab,Ground,Bacteroidota,Chryseobacterium,0.054163836603007026
OSD-772,swab,Ground,Bacteroidota,Flavobacterium,0.08273874206591203
OSD-772,swab,Ground,Pseudomonadota,Acinetobacter,0.07996275707295881
OSD-772,swab,Ground,Pseudomonadota,Burkholderia,0.021974506399359123
OSD-772,swab,Ground,Pseudomonadota,Enterobacter,0.06813790806402574
OSD-772,swab,Ground,Pseudomonadota,Massilia,0.033350551255683064
OSD-772,swab,Ground,Pseudomonadota,Methylobacterium,0.03313194147832251
OSD-772,swab,Ground,Pseudomonadota,Pantoea,0.04053471166126427
OSD-772,swab,Ground,Pseudomonadota,Pseudomonas,0.03347748897858681
OSD-772,swab,Ground,Pseudomonadota,Ralstonia,0.009363584222586738
OSD-772,swab,Ground,Pseudomonadota,Rhizobium,0.02306996565900324
OSD-772,swab,Ground,Pseudomonadota,Sphingomonas,0.04677917259659911
OSD-772,swab,Ground,Pseudomonadota,Stenotrophomonas,0.06918017157585957
OSD-772,swab,Ground,Pseudomonadota,Variovorax,0.019276152217833912
OSD-772,swab,Spaceflight,Actinomycetota,Curtobacterium,0.02245282711702677
OSD-772,swab,Spaceflight,Actinomycetota,Cutibacterium,0.06893817411010286
OSD-772,swab,Spaceflight,Actinomycetota,Streptomyces,0.04214010205711733
OSD-772,swab,Spaceflight,Bacillota,Bacillus,0.05150420438741934
OSD-772,swab,Spaceflight,Bacillota,Paenibacillus,0.02925602579926053
OSD-772,swab,Spaceflight,Bacillota,Staphylococcus,0.08757847621935319
OSD-772,swab,Spaceflight,Bacteroidota,Chryseobacterium,0.03949777574167373
OSD-772,swab,Spaceflight,Bacteroidota,Flavobacterium,0.03929854832904645
OSD-772,swab,Spaceflight,Pseudomonadota,Acinetobacter,0.09764514616311548
OSD-772,swab,Spaceflight,Pseudomonadota,Burkholderia,0.025311087482013543
OSD-772,swab,Spaceflight,Pseudomonadota,Enterobacter,0.09457308826558967
OSD-772,swab,Spaceflight,Pseudomonadota,Massilia,0.035379610778304246
OSD-772,swab,Spaceflight,Pseudomonadota,Methylobacterium,0.046236062844090056
OSD-772,swab,Spaceflight,Pseudomonadota,Pantoea,0.06449640757508565
OSD-772,swab,Spaceflight,Pseudomonadota,Pseudomonas,0.06947464245211116
OSD-772,swab,Spaceflight,Pseudomonadota,Ralstonia,0.019516471684469065
OSD-772,swab,Spaceflight,Pseudomonadota,Rhizobium,0.019335668565647685
OSD-772,swab,Spaceflight,Pseudomonadota,Sphingomonas,0.031072509390909497
OSD-772,swab,Spaceflight,Pseudomonadota,Stenotrophomonas,0.09659560555168177
OSD-772,swab,Spaceflight,Pseudomonadota,Variovorax,0.019697565485981974
OSD-773,fruit,Spaceflight,Actinomycetota,Curtobacterium,0.07807994203696854
OSD-773,fruit,Spaceflight,Actinomycetota,Cutibacterium,0.03191862181100796
OSD-773,fruit,Spaceflight,Actinomycetota,Streptomyces,0.03874595334878115
OSD-773,fruit,Spaceflight,Bacillota,Bacillus,0.04876169215389534
OSD-773,fruit,Spaceflight,Bacillota,Paenibacillus,0.03537848176724094
OSD-773,fruit,Spaceflight,Bacillota,Staphylococcus,0.01874625910483417
OSD-773,fruit,Spaceflight,Bacteroidota,Chryseobacterium,0.04396990257796244
OSD-773,fruit,Spaceflight,Bacteroidota,Flavobacterium,0.021098275518833542
OSD-773,fruit,Spaceflight,Pseudomonadota,Acinetobacter,0.07464174398377824
OSD-773,fruit,Spaceflight,Pseudomonadota,Burkholderia,0.02640976115726771
OSD-773,fruit,Spaceflight,Pseudomonadota,Enterobacter,0.07964404203729221
OSD-773,fruit,Spaceflight,Pseudomonadota,Massilia,0.03057529003980115
OSD-773,fruit,Spaceflight,Pseudomonadota,Methylobacterium,0.038130735628595244
OSD-773,fruit,Spaceflight,Pseudomonadota,Pantoea,0.1365781565440309
OSD-773,fruit,Spaceflight,Pseudomonadota,Pseudomonas,0.0564031403708868
OSD-773,fruit,Spaceflight,Pseudomonadota,Ralstonia,0.04255111960081509
OSD-773,fruit,Spaceflight,Pseudomonadota,Rhizobium,0.022549157827817433
OSD-773,fruit,Spaceflight,Pseudomonadota,Sphingomonas,0.07105806637103416
OSD-773,fruit,Spaceflight,Pseudomonadota,Stenotrophomonas,0.07783729672461943
OSD-773,fruit,Spaceflight,Pseudomonadota,Variovorax,0.026922361394537554
OSD-773,leaf,Spaceflight,Actinomycetota,Curtobacterium,0.059585595847046924
OSD-773,leaf,Spaceflight,Actinomycetota,Cutibacterium,0.02746696949254615
OSD-773,leaf,Spaceflight,Actinomycetota,Streptomyces,0.028119262412793146
OSD-773,leaf,Spaceflight,Bacillota,Bacillus,0.03690583714467399
OSD-773,leaf,Spaceflight,Bacillota,Paenibacillus,0.025116918477858872
OSD-773,leaf,Spaceflight,Bacillota,Staphylococcus,0.016832076024472793
OSD-773,leaf,Spaceflight,Bacteroidota,Chryseobacterium,0.031781675677356395
OSD-773,leaf,Spaceflight,Bacteroidota,Flavobacterium,0.039179329412050226
OSD-773,leaf,Spaceflight,Pseudomonadota,Acinetobacter,0.081745180385514
OSD-773,leaf,Spaceflight,Pseudomonadota,Burkholderia,0.011155987357792654
OSD-773,leaf,Spaceflight,Pseudomonadota,Enterobacter,0.08106283362612517
OSD-773,leaf,Spaceflight,Pseudomonadota,Massilia,0.04345082483667664
OSD-773,leaf,Spaceflight,Pseudomonadota,Methylobacterium,0.05995926056362403
OSD-773,leaf,Spaceflight,Pseudomonadota,Pantoea,0.12770135243431902
OSD-773,leaf,Spaceflight,Pseudomonadota,Pseudomonas,0.08084209721768422
OSD-773,leaf,Spaceflight,Pseudomonadota,Ralstonia,0.04239183675781641
OSD-773,leaf,Spaceflight,Pseudomonadota,Rhizobium,0.03357802641519107
OSD-773,leaf,Spaceflight,Pseudomonadota,Sphingomonas,0.06901539019924377
OSD-773,leaf,Spaceflight,Pseudomonadota,Stenotrophomonas,0.079280586392492
OSD-773,leaf,Spaceflight,Pseudomonadota,Variovorax,0.024828959324722545
OSD-773,root,Ground,Actinomycetota,Curtobacterium,0.04388396331449819
OSD-773,root,Ground,Actinomycetota,Cutibacterium,0.010261367546943808
OSD-773,root,Ground,Actinomycetota,Streptomyces,0.06221046939255742
OSD-773,root,Ground,Bacillota,Bacillus,0.05010325523286541
OSD-773,root,Ground,Bacillota,Paenibacillus,0.04839574291817058
OSD-773,root,Ground,Bacillota,Staphylococcus,0.014523453481340941
OSD-773,root,Ground,Bacteroidota,Chryseobacterium,0.04683561497176918
OSD-773,root,Ground,Bacteroidota,Flavobacterium,0.06358416602811326
OSD-773,root,Ground,Pseudomonadota,Acinetobacter,0.05501632371391357
OSD-773,root,Ground,Pseudomonadota,Burkholderia,0.0632542034391114
OSD-773,root,Ground,Pseudomonadota,Enterobacter,0.06239655119836278
OSD-773,root,Ground,Pseudomonadota,Massilia,0.06337628612184144
OSD-773,root,Ground,Pseudomonadota,Methylobacterium,0.02984701250899688
OSD-773,root,Ground,Pseudomonadota,Pantoea,0.034777673392303525
OSD-773,root,Ground,Pseudomonadota,Pseudomonas,0.08279111906692897
OSD-773,root,Ground,Pseudomonadota,Ralstonia,0.05458558644097643
OSD-773,root,Ground,Pseudomonadota,Rhizobium,0.05446885519232825
OSD-773,root,Ground,Pseudomonadota,Sphingomonas,0.03876074464796546
OSD-773,root,Ground,Pseudomonadota,Stenotrophomonas,0.07182775563110096
OSD-773,root,Ground,Pseudomonadota,Variovorax,0.049099855759911576
OSD-773,substrate,Ground,Actinomycetota,Curtobacterium,0.028941395066678238
OSD-773,substrate,Ground,Actinomycetota,Cutibacterium,0.014226378996078523
OSD-773,substrate,Ground,Actinomycetota,Streptomyces,0.07765258141431954
OSD-773,substrate,Ground,Bacillota,Bacillus,0.07872704073787384
OSD-773,substrate,Ground,Bacillota,Paenibacillus,0.057093110620534404
OSD-773,substrate,Ground,Bacillota,Staphylococcus,0.01610030936600894
OSD-773,substrate,Ground,Bacteroidota,Chryseobacterium,0.042662609915572476
OSD-773,substrate,Ground,Bacteroidota,Flavobacterium,0.06199707350064323
OSD-773,substrate,Ground,Pseudomonadota,Acinetobacter,0.03793120252433475
OSD-773,substrate,Ground,Pseudomonadota,Burkholderia,0.053043034221405216
OSD-773,substrate,Ground,Pseudomonadota,Enterobacter,0.032996032979168276
OSD-773,substrate,Ground,Pseudomonadota,Massilia,0.07172261543024196
OSD-773,substrate,Ground,Pseudomonadota,Methylobacterium,0.03428607545755262
OSD-773,substrate,Ground,Pseudomonadota,Pantoea,0.027340802587593065
OSD-773,substrate,Ground,Pseudomonadota,Pseudomonas,0.05983685241957929
OSD-773,substrate,Ground,Pseudomonadota,Ralstonia,0.07742153249776072
OSD-773,substrate,Ground,Pseudomonadota,Rhizobium,0.06603490103447615
OSD-773,substrate,Ground,Pseudomonadota,Sphingomonas,0.03839766445400439
OSD-773,substrate,Ground,Pseudomonadota,Stenotrophomonas,0.04588294114756167
OSD-773,substrate,Ground,Pseudomonadota,Variovorax,0.0777058456286127
OSD-773,swab,Ground,Actinomycetota,Curtobacterium,0.03919327736046474
OSD-773,swab,Ground,Actinomycetota,Cutibacterium,0.08748983238416529
OSD-773,swab,Ground,Actinomycetota,Streptomyces,0.04620268090900963
OSD-773,swab,Ground,Bacillota,Bacillus,0.051881459413198106
OSD-773,swab,Ground,Bacillota,Paenibacillus,0.04815066512234813
OSD-773,swab,Ground,Bacillota,Staphylococcus,0.10500516878637918
OSD-773,swab,Ground,Bacteroidota,Chryseobacterium,0.026026186895107502
OSD-773,swab,Ground,Bacteroidota,Flavobacterium,0.03863328502190598
OSD-773,swab,Ground,Pseudomonadota,Acinetobacter,0.09066146149815403
OSD-773,swab,Ground,Pseudomonadota,Burkholderia,0.0201780682607601
OSD-773,swab,Ground,Pseudomonadota,Enterobacter,0.060662029363931766
OSD-773,swab,Ground,Pseudomonadota,Massilia,0.04551985320929612
OSD-773,swab,Ground,Pseudomonadota,Methylobacterium,0.03422699741984383
OSD-773,swab,Ground,Pseudomonadota,Pantoea,0.04439491976038916
OSD-773,swab,Ground,Pseudomonadota,Pseudomonas,0.056057317832709154
OSD-773,swab,Ground,Pseudomonadota,Ralstonia,0.020613578732790107
OSD-773,swab,Ground,Pseudomonadota,Rhizobium,0.0150588935808706
OSD-773,swab,Ground,Pseudomonadota,Sphingomonas,0.07869558415027063
OSD-773,swab,Ground,Pseudomonadota,Stenotrophomonas,0.06722607554284814
OSD-773,swab,Ground,Pseudomonadota,Variovorax,0.024122664755557823
OSD-773,water,Spaceflight,Actinomycetota,Curtobacterium,0.016755238400744176
OSD-773,water,Spaceflight,Actinomycetota,Cutibacterium,0.015820333613297967
OSD-773,water,Spaceflight,Actinomycetota,Streptomyces,0.011880739051651058
OSD-773,water,Spaceflight,Bacillota,Bacillus,0.020467567654318775
OSD-773,water,Spaceflight,Bacillota,Paenibacillus,0.02206280953963863
OSD-773,water,Spaceflight,Bacillota,Staphylococcus,0.026783549714348643
OSD-773,water,Spaceflight,Bacteroidota,Chryseobacterium,0.05541104602509955
OSD-773,water,Spaceflight,Bacteroidota,Flavobacterium,0.0752924009972795
OSD-773,water,Spaceflight,Pseudomonadota,Acinetobacter,0.11538889074043364
OSD-773,water,Spaceflight,Pseudomonadota,Burkholderia,0.03722026851215236
OSD-773,water,Spaceflight,Pseudomonadota,Enterobacter,0.08108411154746989
OSD-773,water,Spaceflight,Pseudomonadota,Massilia,0.03353627966260947
OSD-773,water,Spaceflight,Pseudomonadota,Methylobacterium,0.023606358648166438
OSD-773,water,Spaceflight,Pseudomonadota,Pantoea,0.04882516479799916
OSD-773,water,Spaceflight,Pseudomonadota,Pseudomonas,0.11327274340236126
OSD-773,water,Spaceflight,Pseudomonadota,Ralstonia,0.08121419133721583
OSD-773,water,Spaceflight,Pseudomonadota,Rhizobium,0.03693369361005051
OSD-773,water,Spaceflight,Pseudomonadota,Sphingomonas,0.02570133986648865
OSD-773,water,Spaceflight,Pseudomonadota,Stenotrophomonas,0.08991773143059753
OSD-773,water,Spaceflight,Pseudomonadota,Variovorax,0.0705010652881514
